UPA,us1,us2,us3,us4,us5,us6,us7,us8,us9,us10,us11,us12,us13,us14,us15,us16,us17,us18
1,0.084,0,0,0,0,0,0,0,0.084,0.084,0,0,0,0,0,0,0,0.084
2,0.5,0.5,0,0,0,0,0,0,1,0.5,0.5,0,0,0,0,0,0,1
3,2.21,0.25,0,0,0,0,0,0.04,2.5,2.21,0.25,0,0,0,0,0,0.04,2.5
4,1,1,0,0,11,0,0,1,14,1,1,0,0,11,0,0,1,14
5,1,0,0,0,0,0,1.75,0.25,3,1,0,0,0,0,0,1.75,0.25,3
6,0.7056,0.7056,0,0,0.7056,0,0,1.8832,4,0.7056,0.7056,0,0,0.7056,0,0,1.8832,4
7,0,0,0,0,0,0,11,0.5,11.5,0,0,0,0,0,0,11,0.5,11.5
8,1,0.035,0,0,0,6.5,0,0.465,8,1,0.035,0,0,0,6.5,0,0.465,8
9,1,0.5,0,0,0,0,0,0,1.5,1,0.5,0,0,0,0,0,0,1.5
9,0,0.012,0,0,0,0,0,0,0.012,0,0.012,0,0,0,0,0,0,0.012
9,1,0.5,0,0.5,0,0,0.99,0.01,3,1,0.5,0,0.5,0,0,0.99,0.01,3
10,0,0,0,0,0,0,0,0.075,0.075,0,0,0,0,0,0,0,0.075,0.075
10,0.01,0,0,0,2.985,0,0,0.005,3,0.01,0,0,0,2.985,0,0,0.005,3
11,0.0456,0.3,0,0,0,0,0,0.0144,0.36,0.0456,0.312,0,0,0,0,0,0.0024,0.36
12,0,0,0,7.8,0,0,0,0,7.8,0,0,0,0,0,7.8,0,0,7.8
12,1,0,0,0,0,0,0.99,0.01,2,1,0,0,0,0,0,0.99,0.01,2
12,0,0,0,0,0,0,17.6,4.4,22,0,0,0,0,0,0,17.6,4.4,22
13,0,0,0,0,47,0,0,0,47,0,0,0,0,47,0,0,0,47
13,1.5,0,0,0,0,0,0,0,1.5,1.5,0,0,0,0,0,0,0,1.5
13,1,1,0,0,0.4,0,0.59,0.01,3,1,1,0,0,0.4,0,0.59,0.01,3
13,1,0,0,0,0,2,0,0,3,1,0,0,0,0,2,0,0,3
14,0.65,0.32,0,0,0,0,0,0.33,1.3,0.65,0.32,0,0,0,0,0,0.33,1.3
15,1,0,0,0,0,0,0,0,1,1,0,0,0,0,0,0,0,1
15,2,0,0,1,2,0,0,1,6,2,0,0,1,2,0,0,1,6
16,0,0,0,0.5,0,0,5.1966,0.01024,5.70684,0,0,0,0.5,0,0,5.1966,0.01024,5.70684
17,0,0,0,5,0,0,0,0,5,0,0,0,5,0,0,0,0,5
18,0,0.0005,0,0,0,0,0.06431,0.017,0.08181,0,0,0,0,0,0,0.07271,0.0091,0.08181
19,1.3,0,0,0,0,0,0,0,1.3,1.3,0,0,0,0,0,0,0,1.3
20,0.75,0,0,0,0,0,0,0.25,1,0.75,0,0,0,0,0,0,0.25,1
21,0.02,0.045,0,0,0,0,0,0.735,0.8,0,0,0,0,0,0.06,0,0.74,0.8
22,0.25,0.0008,0,0,0,2.1442,0,0.105,2.5,0.25,0.0008,0,0,0,2.1442,0,0.105,2.5
23,0,0,0,0,0,0,0,0.09,0.09,0,0,0,0,0,0,0,0.09,0.09
23,0.02,0.43,0,0,0,0,0,0.05,0.5,0.02,0.43,0,0,0,0,0,0.05,0.5
24,0,0.78,0,0,12,0,3,0.22,16,0,0.78,0,0,12,0,3,0.22,16
24,0,0,0,0,42,0,0,0,42,0,0,0,0,42,0,0,0,42
25,1.3,0,0,0,0,0,0,0,1.3,1.3,0,0,0,0,0,0,0,1.3
26,0.5,0,0,0,0,0.5,0,0,1,0.5,0,0,0,0,0.5,0,0,1
26,0,0,0,0.7,0,0,0,0,0.7,0,0,0,0,0,0.7,0,0,0.7
27,0.05,0,0,0,3.45,0,0,0,3.5,0.05,0,0,0,3.45,0,0,0,3.5
28,0,0,0,0,1,0,0,0,1,0,0,0,0,1,0,0,0,1
28,0.0083,0,0,0,0,0,5.9747,0,5.983,0.0083,0,0,0,0,0,5.9747,0,5.983
28,0,0,0,0,0.9,0,0.1,0,1,0,0,0,0,0.9,0,0.1,0,1
28,0.00625,0,0,0,7.97475,0,0,0,7.981,0.00625,0,0,0,7.97475,0,0,0,7.981
28,0.42,0,0,0,0,0,0,0,0.42,0.42,0,0,0,0,0,0,0,0.42
28,0,0,0,0,5,0,0,0,5,0,0,0,0,5,0,0,0,5
28,0,0,0,0,9.9,0,0,0,9.9,0,0,0,0,9.9,0,0,0,9.9
28,0,0,0,0,0,0,0,4,4,0,0,0,0,0,0,0,4,4
29,0.5,0.0009,0,0,6.4991,0,0,0,7,0.5,0.0009,0,0,6.4991,0,0,0,7
30,2,1,0,1.98,0,0,1,0.02,6,2,1,0,1.98,0,0,1,0.02,6
31,1.088,1.14,0,0,0,0,0,0.042,2.27,1.088,1.14,0,0,0,0,0,0.042,2.27
32,0,0,0,0,0,0,0,1.5,1.5,0,0,0,0,0,0,0,1.5,1.5
33,1.5,0,0,0,0,0,0,0,1.5,1.5,0,0,0,0,0,0,0,1.5
33,1,0,0,0,1,0,7,0,9,1,1,0,0,0,0,7,0,9
34,1,0.5,0,0,0,0,0,0.5,2,1,0.5,0,0,0,0,0.5,0,2
35,3,0.5,2,0,0,0,0,0.5,6,0,0,0,0,0,0,0,6,6
36,0,0,0,0,0,0,0.9958,0.0042,1,0,0,0,0,0,0,0.9958,0.0042,1
36,0,0,0,0,0,0.05,0,0.2,0.25,0,0,0,0,0,0.05,0,0.2,0.25
37,0,0,0,0,0,0,1.75,0.25,2,0,0,0,0,0,0,1.75,0.25,2
37,0,0,0,0,0,0,35,0,35,0,0,0,0,0,35,0,0,35
38,0.5,0.5,0,0,1,0,0,0,2,0.5,0.5,0,0,1,0,0,0,2
38,0,0.1,0,0,0,0,0,0,0.1,0,0.1,0,0,0,0,0,0,0.1
39,6,0,0,0,3,0,6,0,15,6,0,0,0,3,0,6,0,15
39,0.9,0,0,0,0,0,0,0,0.9,0.9,0,0,0,0,0,0,0,0.9
40,0,0,5,58,0,0,0,0,63,0,0,0,63,0,0,0,0,63
40,1.5,0.5,0,0,0,0,2,0,4,1.5,0.5,0,0,2,0,0,0,4
40,0,0,0,0,0,0,20,0,20,0,0,0,0,0,0,20,0,20
41,0.12,0.78,0,0,0,0,0,0.1,1,0.12,0.375,0,0.375,0,0,0,0.13,1
42,0.5,0,0,0,2.5,0,0,0,3,0.5,0,0,0,2.5,0,0,0,3
42,0,0,0,0,2,0,0,0,2,0,0,0,0,2,0,0,0,2
42,0,0,0,0,0.0715,0,0,0,0.0715,0,0,0,0.0715,0,0,0,0,0.0715
42,0,0,0,0,3,0,0,0,3,0,0,0,0,3,0,0,0,3
42,0,0,0,0,1,0,0,0,1,0,0,0,0,1,0,0,0,1
43,0,1,0,0,2.5,0,0,1.5,5,0,1,0,0,2.5,0,0,1.5,5
43,0,0,0,0,0,0,0.5,0,0.5,0,0,0,0,0,0,0.5,0,0.5
44,0.6,0.6,0,0,0,0,0,0,1.2,0.6,0.6,0,0,0,0,0,0,1.2
45,3.25,0,0,0,2,0,2.75,0,8,3.25,0,0,0,2,0,2.75,0,8
45,0.25,0,0,0,0,0,1.65,0,1.9,0.25,0,0,0,0,0,1.65,0,1.9
46,2,0,0,0,0,0,4,0,6,2,0,0,0,0,0,4,0,6
46,1,0,0,0,1,0,0,0,2,1,0,0,0,1,0,0,0,2
47,0,0,0,0,3,0,0,0,3,0,0,0,0,3,0,0,0,3
47,0,0,0,0,3,0,0,0,3,0,0,0,0,3,0,0,0,3
47,1.5,0.5,0,0,3,0,4.976,0.024,10,1.5,0.5,0,0,3,0,4.976,0.024,10
47,0,0,0,0,6,0,0,0,6,0,0,0,0,6,0,0,0,6
48,1.5,0.5,0,0,0.25,0,15.75,0,18,1.5,0.5,0,0,0.25,0,15.75,0,18
48,0.5,0.5,0,0.4,0,0,0,0,1.4,0.5,0.5,0,0.4,0,0,0,0,1.4
49,0,0.0095,0,0,0,0,0,0.0645,0.074,0,0.0095,0,0,0,0,0,0.0645,0.074
50,0,0.2,0,0,0,0,0.08,0,0.28,0,0.2,0,0,0,0,0.08,0,0.28
51,0,0.14,0,0.14,0,0,0,0,0.28,0,0.14,0,0.14,0,0,0,0,0.28
52,0.5,0,0,0,0,0,0,1,1.5,0.5,0,0,0,0,0,0,1,1.5
52,0,0,0,0,0,0.5,0,0.5,1,0,0,0,0,0,0.5,0,0.5,1
53,3,1,0,0,1,2,0,1,8,3,0,0,0,2,3,0,0,8
53,0.5,0,0,0,0,0.5,0,0,1,0.5,0,0,0,0,0.5,0,0,1
54,0,0,0,0,5,0,0,0,5,0,0,0,0,5,0,0,0,5
54,0,0,0,0,12,0,0,0,12,0,0,0,0,12,0,0,0,12
55,5,0,0,1,0,0,0,0,6,5,0,0,1,0,0,0,0,6
55,1,0,0,1.3,0,0,0,0,2.3,1,0,0,1.3,0,0,0,0,2.3
55,1,0,0,0,0,7.5,6,0,14.5,1,0,0,0,6,7.5,0,0,14.5
55,1.75,2,0,0,0,0,0,0,3.75,1.75,2,0,0,0,0,0,0,3.75
55,0,0,0,0,0,0,1,0,1,0,0,0,0,0,0,1,0,1
55,0,0,0,0,0,0,2,0,2,0,0,0,0,0,0,2,0,2
56,0.1,0,0,0,0,1.9,0,0,2,0.1,0,0,0,0,1.9,0,0,2
57,0.5,1,0,0,0,0,0,0.25,1.75,0.5,1,0,0,0,0,0,0.25,1.75
58,0.25,0,0,0,0.025,0,1.22,0.005,1.5,0.25,0,0,0,0.025,0,1.22,0.005,1.5
59,0.25,0,0,0,0,0.75,0,0,1,0.25,0,0,0,0,0.75,0,0,1
60,1,1,0,0,0,0,9.5,0,11.5,1,1,0,0,0,0,9.5,0,11.5
61,2,0,0,0,1,0,5.25,0.25,8.5,0,0,0,0,1,0,7.25,0.25,8.5
62,1,0,0,0,0.5,0,0,0,1.5,1,0,0,0,0.5,0,0,0,1.5
62,7,1.5,0,1,0,0,0,0,9.5,6,1.5,0,2,0,0,0,0,9.5
63,1,0.5,0,0,0,0,0.49,0.01,2,1,0.5,0,0,0,0,0.49,0.01,2
63,0,0,0,0,1,0,0,0,1,0,0,0,0,1,0,0,0,1
63,0,0,0,0,6,0,0,0,6,0,0,0,0,6,0,0,0,6
63,0,0,0,0,2,0,0,0,2,0,0,0,0,2,0,0,0,2
63,0,0,0,0,2,0,0,0,2,0,0,0,0,2,0,0,0,2
63,0,0,0,0,0.6,0,0,0,0.6,0,0,0,0,0.6,0,0,0,0.6
63,0,0,0,0,26,0,0,0,26,0,0,0,0,26,0,0,0,26
64,0.5,0,0,0,15,33.5,0,0,49,0.5,0,0,0,15,33.5,0,0,49
64,0,0,0,0.176,0,0,0,0.004,0.18,0,0,0,0.176,0,0,0,0.004,0.18
65,0.04,0,0,0,0,0,1.45,0.01,1.5,0.04,0,0,0,0,0,1.45,0.01,1.5
66,0,0,0,0,0,0,0.35,0.15,0.5,0,0,0,0,0,0,0.35,0.15,0.5
66,0.5,0,0,0,0,0,0,0,0.5,0.5,0,0,0,0,0,0,0,0.5
67,0.015,0,0,0,0,0.09,2.04,0.155,2.3,0.015,0,0,0,0,0.09,2.04,0.155,2.3
68,0.15,0.002,0,0.2,0,0.0817,0.05,0.05,0.5337,0.15,0,0,0,0,0.0837,0.3,0,0.5337
69,1,0,0,0,60,0,336.56,0.04,397.6,1,0,0,0,60,0,336.6,0,397.6
69,0,0,0,0,1.1,0,0,0,1.1,0,0,0,0,1.1,0,0,0,1.1
69,0,0,0,0,2,0,0.5,0,2.5,0,0,0,0,2,0,0.5,0,2.5
70,0.25,0,0,0,0,0,0,1.5,1.75,0.25,0,0,0,0,0,0,1.5,1.75
71,0.25,1,0,0,0.5,0,0.5,0.75,3,0.25,0,0,0,0.5,0.5,1.75,0,3
72,0.5,0.25,0,0,0.5,0.25,1.5,0,3,1,0,0,0,1,0,1,0,3
73,0,0,0,0,5.85,0,3,1,9.85,0,0,0,0,5.85,1,3,0,9.85
73,0,0,0,0,4,0,12,23.8,39.8,0,0,0,0,4,0,12,23.8,39.8
73,0,0,0,0,3,0,10,3.7,16.7,0,0,0,0,3,0,10,3.7,16.7
74,0,0,0,0,0,0,15.48,0,15.48,0,0,0,0,0,0,15.48,0,15.48
74,8.73,0,0,0,0,0,0,0,8.73,8.73,0,0,0,0,0,0,0,8.73
74,0,0,0,0,0,0,0.99,0,0.99,0,0,0,0,0,0,0.99,0,0.99
74,0,0,0,0,0,0,1.31,0,1.31,0,0,0,0,0,0,1.31,0,1.31
74,0,0,0,0,0,0,4.24,0,4.24,0,0,0,0,0,0,4.24,0,4.24
74,0,0,0,0,0,0,4.64,0,4.64,0,0,0,0,0,0,4.64,0,4.64
74,3.94,0,0,0,0,0,0,0,3.94,3.94,0,0,0,0,0,0,0,3.94
74,0,0,0,0,0,0,5.77,0,5.77,0,0,0,0,0,0,5.77,0,5.77
74,0,0,0,0,15,0,8.22,0,23.22,0,0,0,0,15,0,8.22,0,23.22
74,0,0,0,0,0,0,3.01,0,3.01,0,0,0,0,0,0,3.01,0,3.01
74,0,0,0,0,1.75,0,0,0,1.75,0,0,0,0,1.75,0,0,0,1.75
74,0,0,0,0,0,0,13.01,0,13.01,0,0,0,0,0,0,13.01,0,13.01
74,0,0,0,0,0,0,11.56,0,11.56,0,0,0,0,0,0,11.56,0,11.56
74,0,0,0,0,0,0,14.56,0,14.56,0,0,0,0,0,0,14.56,0,14.56
74,4.39,0,0,0,0,0,0,1,5.39,5.39,0,0,0,0,0,0,0,5.39
74,0,0,0,0,7,0,7.57,0,14.57,0,0,0,0,7,0,7.57,0,14.57
74,4.87,0,0,0,0,0,0,0,4.87,4.87,0,0,0,0,0,0,0,4.87
74,213.1,0,0,0,0,0,0,0,213.1,213.1,0,0,0,0,0,0,0,213.1
74,0,0,0,0,7.62,0,7,0,14.62,0,0,0,0,7.62,0,7,0,14.62
74,19.38,0,0,0,0,0,0,0,19.38,19.38,0,0,0,0,0,0,0,19.38
74,0,0,0,0,20,0,17.58,0,37.58,0,0,0,0,20,0,17.58,0,37.58
74,20,0,0,0,9.38,0,0,0,29.38,20,0,0,0,9.38,0,0,0,29.38
75,0.1,0,0,0,0,1.5,0.55,2.85,5,0.1,0,0,0,0,1.5,0.55,2.85,5
75,0,0,0,0,0,0.1,0,0,0.1,0,0,0,0,0,0.1,0,0,0.1
76,7.5,0.1,0,0,2,0.4,0,0,10,7.5,0.1,0,0,2,0.4,0,0,10
77,0.04,0.02,0,0,0,0.4,0.04,0,0.5,0.04,0.02,0,0,0,0.4,0.04,0,0.5
78,0.25,0.05,0.1,0,0,0,0.5,0.1,1,0,0,0,0,0,0.5,0.5,0,1
79,1,0.1,0,0,0,0.2,0.15,0.05,1.5,1,0.1,0,0,0,0.2,0.15,0.05,1.5
80,0,0,0,0,9,0,8,2,19,0,0,0,0,9,0,8,2,19
80,0,0,0,0,5,0,20,0,25,0,0,0,0,5,0,20,0,25
81,12,1.5,0,1.4,0,2,0,0,16.9,12,1.5,0,1.4,0,2,0,0,16.9
81,8,1,0,5,20,0,11.7,2,47.7,8,1,0,5,20,0,11.7,2,47.7
81,0,0,0,0,20,0,10,0,30,0,0,0,0,20,0,10,0,30
82,0.6,0,0,0,0,0,0,0,0.6,0.6,0,0,0,0,0,0,0,0.6
83,0.72,0,0,0,0,0,0,0,0.72,0.72,0,0,0,0,0,0,0,0.72
84,0.175,0,0.175,0,0,0,0.35,0,0.7,0.175,0.175,0,0,0,0,0.35,0,0.7
85,3.5,0,0,0,0,0,0,0.5,4,3.5,0,0,0,0,0,0,0.5,4
86,1.5,0,0,0,0,0,0,0.5,2,1.5,0,0,0,0,0,0,0.5,2
87,0.005,0,0,0,0,0,0.6295,0.0209,0.6554,0.005,0,0,0,0,0,0.6295,0.0209,0.6554
87,2,0,0,0,0,0,0,0,2,2,0,0,0,0,0,0,0,2
88,4.5,0,0,0,0,2,11,0,17.5,4.5,0,0,0,0,2,11,0,17.5
89,3.475,0.5,0,0,0,0,0,0.025,4,3.475,0.5,0,0,0,0,0,0.025,4
90,0.5,0,0,0,0,0,0.5,0,1,0.5,0,0,0,0,0,0.5,0,1
91,0.15,0,0,0,0,0,0,0.613,0.763,0.15,0,0,0,0,0,0,0.613,0.763
92,0.01,0,0,0,0,0,0,3.49,3.5,0.01,0,0,0,0,0,0,3.49,3.5
93,0.02,0,0,0,0,0.005,0.748,0.007,0.78,0.02,0,0,0,0,0.35,0.4075,0.0025,0.78
94,0.5,0,0,0,0,0,0,0,0.5,0.5,0,0,0,0,0,0,0,0.5
95,0.7587,0,0,0,0,0,0,0.0413,0.8,0.3587,0,0,0,0,0,0.4188,0.0225,0.8
96,0.005,0,0,0,0,0.1,0.645,0,0.75,0.005,0,0,0,0,0.1,0.645,0,0.75
97,0.0018,0,0,0,0,0,0.9832,0.015,1,0,0,0,0,0,0.5,0.5,0,1
98,0.25,0.25,0,0,15.46,0,0,0.04,16,0.25,0.25,0,0,15.46,0,0,0.04,16
98,0,0,0,0,0,0,12.5,0,12.5,0,0,0,0,0,0,12.5,0,12.5
98,0,0,0,0,7,0,13,0,20,0,0,0,0,7,0,13,0,20
99,1.04,2.04,0,0,3,0,0,0.02,6.1,1.04,2.04,0,0,3,0,0,0.02,6.1
100,0,0,0,0,0,0,0.95,0.05,1,0,0,0,0,0,0,0.95,0.05,1
101,0,0,0,0,0,0,0.61,0.09,0.7,0,0,0,0,0,0,0.61,0.09,0.7
102,0.08,0,0,0,0,0,0,0,0.08,0.08,0,0,0,0,0,0,0,0.08
103,1.5,0,0,0,0,0,0,0,1.5,1.5,0,0,0,0,0,0,0,1.5
104,0,0,0,0,16,0,0,0,16,0,0,0,0,16,0,0,0,16
104,0.15,0,0,0,5.85,0,0,0,6,0.15,0,0,0,5.85,0,0,0,6
105,0,0,0,0,1,0,0,0,1,0,0,0,0,1,0,0,0,1
105,0,0,0,0,1.3,0,0,0,1.3,0,0,0,0,1.3,0,0,0,1.3
105,5,0,0,0,0,0,0,0,5,5,0,0,0,0,0,0,0,5
106,0,0,0,0,9,0,0,0,9,0,0,0,0,9,0,0,0,9
106,2.5,0,0,0,2.5,0,0,0,5,2.5,0,0,0,2.5,0,0,0,5
106,1,0,0,0,4,0,0,0,5,1,0,0,0,4,0,0,0,5
106,0,0,0,0,3,2,0,0,5,0,0,0,0,3,2,0,0,5
107,1.5,0,0,0,22.25,0,0,0.25,24,1.5,0,0,0,22.25,0,0,0.25,24
107,0,0,0,0,32,5,0,0,37,0,0,0,0,32,5,0,0,37
107,0,0,0,0,9,2,0,0,11,0,0,0,0,9,2,0,0,11
107,0,0,0,0,13,2,0,0,15,0,0,0,0,13,2,0,0,15
108,1.5,0,0,0,1,0,0,0,2.5,1.5,0,0,0,1,0,0,0,2.5
109,0,0,0,0,3.5,5.3,0,0,8.8,0,0,0,0,0,8.8,0,0,8.8
109,0,0,0,0,16,3,0,0,19,0,0,0,0,10,9,0,0,19
110,0,0,0,0,6.25,0,0,0,6.25,0,0,0,0,0,6.25,0,0,6.25
111,0.5,0.25,0,0,0,0,1,0.75,2.5,0,0,0,0,0,0,2.25,0.25,2.5
112,3.5,0,0,0.5,0,0,1,2,7,3.5,0,0,0.5,0,0,1,2,7
113,0,0,0,0,1,0,0,0,1,0,0,0,0,1,0,0,0,1
113,0,0,0,0,4.5,0,0,0,4.5,0,0,0,0,4.5,0,0,0,4.5
113,0,0,0,0,3.5,0,0,0,3.5,0,0,0,0,3.5,0,0,0,3.5
113,0,0,0,0,0,0,0,5,5,0,0,0,0,0,0,0,5,5
113,0,0,0,0,4.5,0,0,0,4.5,0,0,0,0,4.5,0,0,0,4.5
114,0.3,0,0,0,0,0,0.1,0.2,0.6,0.3,0,0,0,0,0,0.1,0.2,0.6
114,0,0,0,0,0,0,0.5,0,0.5,0,0,0,0,0,0,0.5,0,0.5
114,2,0,0,0,0,0,0,0,2,2,0,0,0,0,0,0,0,2
114,0,0,0,0,1,4,5,0,10,0,0,0,0,1,4,5,0,10
114,0.3,0.1,0,0,0,0,0.1,0,0.5,0.3,0.1,0,0,0,0,0.1,0,0.5
114,0,0,0,0,0,0.5,0,0,0.5,0,0,0,0,0,0.5,0,0,0.5
115,0,0,0,0,0.25,0,0.75,0,1,0,0,0,0,0.25,0,0.75,0,1
116,0.15,0.15,0.1,0,0,0,0.35,0.25,1,0.15,0.25,0,0,0,0,0.45,0.15,1
117,0,0,0,0,0,0,0.75,0.05,0.8,0,0,0,0,0,0,0.75,0.05,0.8
117,0.15,0.1,0,0,0,0,3.25,0,3.5,0,0,0,0,0,2.5,1,0,3.5
118,0.1,0,0,0,0,0,1.32,0.08,1.5,0.1,0.05,0,0,0.05,0,1.22,0.08,1.5
119,0.5,0,0,0,0,0,0.5,0.4,1.4,0.5,0,0,0,0,0,0.5,0.4,1.4
120,2.5,0.5,0,0,0,0,0,0.5,3.5,2.5,0.5,0,0,0,0,0,0.5,3.5
121,0.8,0.5,0,0,0,0,0,0.5,1.8,0.8,1,0,0,0,0,0,0,1.8
121,0.25,0.25,0,0,0,0,0,0,0.5,0.25,0.25,0,0,0,0,0,0,0.5
122,0.5072,0.05,0,0,0,0,0,0.0098,0.567,0.5072,0.05,0,0,0,0,0,0.0098,0.567
123,0.5,0,0,0,0,0,0.475,0.025,1,0.5,0,0,0,0,0,0.475,0.025,1
124,1.25,0,0,0,0,0,0.2,0.05,1.5,1.25,0,0,0,0,0,0.2,0.05,1.5
124,0,0,0,0,0,0,0.4,0.1,0.5,0,0,0,0,0,0,0.4,0.1,0.5
125,0.25,0.1,0,0,0,0.244,0.5,0.006,1.1,0.25,0.1,0,0,0,0.244,0.5,0.006,1.1
126,0.74,0.25,0,0,2,0,0,0.01,3,0.99,0,0,0,2,0,0,0.01,3
127,0.5,0,0,0,0,0,5.4,0.1,6,5.96,0,0,0,0,0,0,0.04,6
127,0,0,0,0,22,0,0,0,22,0,0,0,0,22,0,0,0,22
128,0,0,0,0,0,1.5,0,0,1.5,0,0,0,0,0,1.5,0,0,1.5
128,0,0,0,0,0,3,4.5,0,7.5,0,0,0,0,0,3,4.5,0,7.5
128,1.5,0,0,0,1,0,10.5,0,13,1.5,0,0,0,1,0,10.5,0,13
129,1.5,0.25,0,0,0,0,0,0.25,2,1.5,0.25,0,0,0,0,0,0.25,2
129,0,0,0,0,1,0,0,0,1,0,0,0,0,1,0,0,0,1
130,0.07,0,0,0,1,0.25,2,0.48,3.8,0.07,0,0,0,1,0.25,2,0.48,3.8
131,1,0.25,0,0,0,0,0.5,0.25,2,1,0.25,0,0,0,0,0.5,0.25,2
132,1,1,0,0,0,0,0.75,0.25,3,1,1,0,0,0,0,0.75,0.25,3
133,0.25,0.5,0,0,0,0,0.75,0.5,2,0.25,0.5,0,0,0,0,0.75,0.5,2
134,0.5,0.5,0,0,4.5,0.96,1,0.04,7.5,0,1,0,0,4.5,0.96,1,0.04,7.5
135,0.2,0,0,0,0,0,2.77,0.03,3,0.2,0,0,0,0,0,2.77,0.03,3
136,0.5,0,0,0,0.25,0,0,0.25,1,0,0,0,0,0,0,1,0,1
137,0.084,0.084,0,0,0,0,0.1665,0.0015,0.336,0.084,0.084,0,0,0,0,0.1665,0.0015,0.336
138,0.15,0,0,0,0,0.5,0.6,0.25,1.5,0.15,0,0,0,0,0.85,0.35,0.15,1.5
139,0.04,0.2,0,0,0,0,0.1,0.16,0.5,0.04,0.2,0,0,0,0,0.1,0.16,0.5
140,0.05,0.03,0,0,0,0,0.02,0.05,0.15,0.05,0.03,0,0,0,0,0.02,0.05,0.15
140,1,0,0,0,0,2,0.5,0,3.5,1,0,0,0,0,2,0.5,0,3.5
141,1.25,0,0,0,0,0,0,0.25,1.5,1.25,0,0,0,0,0,0,0.25,1.5
141,1.25,0,0,0.25,0,0,0,0,1.5,1.25,0,0,0.25,0,0,0,0,1.5
141,0,0,0,1.5,0,0,0,0,1.5,0,0,0,1.5,0,0,0,0,1.5
142,0.05,0,0,0,5.45,4,0,0,9.5,0.05,0,0,0,5.45,4,0,0,9.5
142,0.01,0,0,0.954,0,0,1,0.036,2,0.01,0,0,0.954,0,0,1,0.036,2
142,0,0,0,0.5,0,0,0,0,0.5,0,0,0,0.5,0,0,0,0,0.5
143,0,0,0,1,0,0,0,0,1,0,0,0,1,0,0,0,0,1
143,0.25,0.08,0,0,0,0,0.7,1,2.03,0.25,0.08,0,0,0,0,0.7,1,2.03
143,7.5,0,0,3.5,0,0,0,0,11,7.5,0,0,3.5,0,0,0,0,11
144,4,0,0,0,0,0,0,0,4,4,0,0,0,0,0,0,0,4
144,0.5,0,0,0,1,0.5,1.991,0.009,4,0.5,0.5,0,0,1,0,1.991,0.009,4
144,0,0,0,0,0,0,4,0,4,0,0,0,0,0,0,4,0,4
144,0,0,0,0,0,0,32,0,32,0,0,0,0,0,0,32,0,32
144,0,0,0,0,0,0,2,0,2,0,0,0,0,0,0,2,0,2
144,0,0,0,0,0,0,0.5,0,0.5,0,0,0,0,0,0,0.5,0,0.5
144,0,0,0,0,0,2,0,0,2,0,0,0,0,0,2,0,0,2
144,0,0,0,0,0,2,0,0,2,0,0,0,0,0,2,0,0,2
144,0,0,0,0,0,2,0,0,2,0,0,0,0,0,2,0,0,2
144,0,0,0,0,0,2,0,0,2,0,0,0,0,0,2,0,0,2
144,0,0,0,0,0,2,0,0,2,0,0,0,0,0,2,0,0,2
144,0,0,0,0,0,2,0,0,2,0,0,0,0,0,2,0,0,2
144,0,0,0,0,0,2,0,0,2,0,0,0,0,0,2,0,0,2
145,1,0.25,0,0,0,0,0,0.25,1.5,1,0,0,0,0,0,0.5,0,1.5
146,0.5,0,0,0,0,0,0,0,0.5,0.5,0,0,0,0,0,0,0,0.5
146,1,0,0,0,1.5,0,0,0,2.5,1,0,0,0,1.5,0,0,0,2.5
147,0.5,0.25,0,0,0,0,0,0.25,1,0.5,0.25,0,0,0,0,0,0.25,1
148,0.4,0.25,0,0,0.16,2.18,0,0.01,3,0.4,0.25,0,0,0.16,2.18,0,0.01,3
149,0.5,0.5,0,0,19,2,0,0,22,0.5,0.5,0,0,19,2,0,0,22
150,0.3,0.144,0,0,0,0,0,0.006,0.45,0.3,0.144,0,0,0,0,0,0.006,0.45
151,0.3829,0,0,0,0.3829,0,0,0,0.7658,0.3829,0,0,0,0.3829,0,0,0,0.7658
151,0,0.14705,0,0.14225,0,0,0,0.0048,0.2941,0,0.14705,0,0.14225,0,0,0,0.0048,0.2941
152,0.002,0.004,0,0.5456,0,0,0,0,0.5516,0.002,0.004,0,0.5456,0,0,0,0,0.5516
152,0.003,0.1926,0,0,0,0,0,0.0042,0.1998,0.003,0.1926,0,0,0,0,0,0.0042,0.1998
153,0.25,0,0,0,0,0,2.25,0,2.5,0.25,0,0,0,0,0,2.25,0,2.5
153,0,0,0,0,10,10,11.45,0.05,31.5,0,0,0,0,10,10,11.45,0.05,31.5
154,0.5,0,0,0,0,0.5,5,0,6,0.5,0,0,0,0,0.5,5,0,6
155,0.06,0.16,0,0,0,4,1.75,0.03,6,0.06,0.16,0,0,0,4,1.75,0.03,6
156,2,2,0,0,0,0,1,0.08,5.08,2,2,0,0,0,0,1,0.08,5.08
156,0,0,0,0,2,0.5,0.5,0,3,0,0,0,0,2,0.5,0.5,0,3
156,2,0,0,0,0,0,6,0,8,2,0,0,0,0,0,6,0,8
157,0.25,0.15,0,0,0,0.25,1,0.35,2,0.25,0.15,0,0,0,0.25,1,0.35,2
157,0.25,0.05,0,0,0,0,0.2,0,0.5,0.25,0.05,0,0,0,0,0.2,0,0.5
158,0.75,0.02,0,0,0,0,0.63,0.1,1.5,0.75,0.02,0,0,0,0,0.63,0.1,1.5
159,0.25,0,0,0,3,0,0.75,0,4,0.25,0,0,0,3,0,0.75,0,4
160,0.25,0.25,0,0,0,0,0,0,0.5,0.25,0.25,0,0,0,0,0,0,0.5
160,0,0,0,0,0,0,0.8,0,0.8,0,0,0,0,0,0,0.8,0,0.8
161,0.25,0.1,0,0,0,0.5,1.03,0.15,2.03,0.25,0.1,0,0,0,0.5,1.03,0.15,2.03
162,0.2,0,0,0,0,0,1.9,0.9,3,0.2,0,0,0,0,0,1.9,0.9,3
163,1,0,0,0,19,0,3.904,0.096,24,1,0,0,0,19,0,3.904,0.096,24
164,0.6,0,0,0,0,0,0,0,0.6,0.6,0,0,0,0,0,0,0,0.6
165,0.25,0.25,0,1.22,0,0,0,0.08,1.8,0.25,0.25,0,1.22,0,0,0,0.08,1.8
166,0.25,0.25,0,0,0,0,0,0,0.5,0.25,0.25,0,0,0,0,0,0,0.5
166,0,0,0,0,0,0,0.5,0,0.5,0,0,0,0,0,0,0.5,0,0.5
167,0.3,0,0,0,0.5,0,0.5,0,1.3,0.3,0,0,0,0.5,0,0.5,0,1.3
168,0.2,0.1,0,0,0,0,0,0.1,0.4,0.2,0.1,0,0,0,0,0,0.1,0.4
168,0.2,0,0,0,0,0,0.5,0,0.7,0.2,0,0,0,0,0,0.5,0,0.7
169,0.05,0.1,0,0,0,0.25,0.25,0.1,0.75,0.05,0.1,0,0,0,0.25,0.25,0.1,0.75
169,0,0,0,0,20,3,0,0,23,0,0,0,0,20,3,0,0,23
170,10,0,0,0,50,40,0,0,100,10,0,0,0,50,40,0,0,100
170,0,0,0,0,45,0,0,0,45,0,0,0,0,45,0,0,0,45
170,0,0,0,0,77,0,0,0,77,0,0,0,0,77,0,0,0,77
170,0,0,0,0,5,1,0,0,6,0,0,0,0,5,1,0,0,6
170,0,0,0,0,0,15,15,0,30,0,0,0,0,0,15,15,0,30
170,60,0,0,0,0,0,110,0,170,60,0,0,0,0,0,110,0,170
171,0.5,0,0,0,7.4672,0,0,0.0328,8,0.5,0,0,0,7.4936,0,0,0.0064,8
171,0,0,0,0,11.88,0,0,0.12,12,0,0,0,0,12,0,0,0,12
171,0,0,0,0,1.5,0,0,0,1.5,0,0,0,0,1.5,0,0,0,1.5
171,0,0,0,0,1.5,0,0,0,1.5,0,0,0,0,1.5,0,0,0,1.5
172,0.5,0.2,0,0,0,0,0.25,0.05,1,0,0,0,0,0,0,1,0,1
173,0,0,0,0,0,0.5,0.5,1,2,0,0,0,0,0,0.5,0.5,1,2
174,0.5,3,0,0,0,0.5,2.6,0.9,7.5,0.5,3,0,0,0,0.5,2.6,0.9,7.5
174,0,0,0,0,200,100,29.85,0.15,330,0,0,0,0,200,100,29.85,0.15,330
175,10,1,0,0,0,0,22.5,0.5,34,10,1,0,0,0,0,22.5,0.5,34
175,1,2,0,0,50,0,0,51,104,1,2,0,0,50,0,0,51,104
175,1,0,0,0,10,0,30,50,91,1,0,0,0,10,0,30,50,91
176,0,0,0,0,20,0,0,0,20,0,0,0,0,20,0,0,0,20
176,0.25,0.25,0,0,10,14.5,0,0,25,0.25,0.25,0,0,10,14.5,0,0,25
177,0.75,0,0,0,0,0,1,0.25,2,0.75,0,0,0,0,0,1,0.25,2
178,2,0,0,0,0,0,0,1,3,2,0,0,0,0,0,0,1,3
178,3,1.5,0,0,6.5,0,0,0,11,3,1.5,0,0,6.5,0,0,0,11
178,1,0,0,0,0,0,3,0,4,1,0,0,0,0,0,3,0,4
178,0,0,0,0,0,17,0,0,17,0,0,0,0,0,17,0,0,17
178,0,0,0,0,77,0,0,0,77,0,0,0,0,77,0,0,0,77
178,0,0,0,0,67,0,0,0,67,0,0,0,0,67,0,0,0,67
179,0.01,0.005,0,0,49.965,0,0,0.02,50,0.01,0.005,0,0,49.965,0,0,0.02,50
179,0,0,0,0,0,2.5,0,0,2.5,0,0,0,0,0,2.5,0,0,2.5
180,2,0.03,0,1,0,0.96,0,0.01,4,2,0.03,0,1,0,0.96,0,0.01,4
180,0,0,0,0,0,0,9,0,9,0,0,0,0,0,0,9,0,9
181,1.5,0,0,0,0,2,0,0.5,4,0.75,0.75,0,0,0,2,0,0.5,4
181,0,0,0,0,0,0,10,0,10,0,0,0,0,0,0,10,0,10
182,1.25,0.25,0,0,1,0,0,1.5,4,1.25,0.25,0,0,1,0,0,1.5,4
182,2.5,0,0,9,10,5,3,1.5,31,2.5,0,0,9,10,5,3,1.5,31
182,0,0,0,0,10,0,0,0,10,0,0,0,0,10,0,0,0,10
182,0,1.5,0,0,0,0,2.5,0,4,0,1.5,0,0,0,0,2.5,0,4
183,5,2,10,8,20,18,3.5,1,67.5,5,2,10,8,20,18,3.5,1,67.5
184,1,0,0,0,5,0,0,1,7,0,0,0,0,3,0,3,1,7
185,0,0,0,0,3,0,0,1.5,4.5,0,0,0,0,3,0,0,1.5,4.5
186,1,0,0,0,2,0,1,0,4,1,0,0,0,2,0,1,0,4
187,1,1.5,0,0,0,0,0.5,0,3,1,1.5,0,0,0,0,0.5,0,3
188,0.1,0.75,0,0,8,0,0,0.15,9,0.1,0.75,0,0,8,0,0,0.15,9
189,1.35,1.4,0,0,0,0,0.15,0.1,3,1.35,1.4,0,0,0,0,0.15,0.1,3
189,1.25,0,0,0,0,0,1.2,0.05,2.5,1.25,0,0,0,0,0,1.2,0.05,2.5
190,1,0.5,0.5,0,0,0.5,0.45,0.05,3,1,0.5,0.5,0,0,0.5,0.45,0.05,3
191,0,0,0,0,7,36,8.95,0.05,52,0,0,0,0,7,36,8.95,0.05,52
191,0,0,0,0,0.5,4.45,0.5,0.05,5.5,0,0,0,0,0.5,4.45,0.5,0.05,5.5
192,2,0,0,0,0,1,0,0,3,2,0,0,0,0,1,0,0,3
193,1,1,1,1,117,0,0,0.2,121.2,1,1,1,1,117,0,0,0.2,121.2
193,0,0,0,0,0.5,0.5,0,0,1,0,0,0,0,0.5,0.5,0,0,1
193,0,0,0,0,4,0,0,0,4,0,0,0,0,4,0,0,0,4
193,0,0,0,0,0,1.7,0,0,1.7,0,0,0,0,0,1.7,0,0,1.7
193,0,0,0,0,20,0,0,0,20,0,0,0,0,20,0,0,0,20
193,0,0,0,0,15,0,0,0,15,0,0,0,0,15,0,0,0,15
194,0,0,0,0,0,8.8,0,0,8.8,0,0,0,0,0,8.8,0,0,8.8
194,1,1,0,0,0,0.9991,0,0.0009,3,1,1,0,0,0,0.9991,0,0.0009,3
195,5,0,0,0,70,0,6.98,0.02,82,5,0,0,0,70,0,6.98,0.02,82
195,0,0.02,0,0,15,0,2.97,0.01,18,0,0.02,0,0,15,0,2.97,0.01,18
195,0,0,0,0,2.5,0,0,0,2.5,0,0,0,0,2.5,0,0,0,2.5
195,0,0,0,0,0,0,0.6,0,0.6,0,0,0,0,0,0,0.6,0,0.6
195,0,0,0,0,0,0,2.8,0,2.8,0,0,0,0,0,0,2.8,0,2.8
196,2,1,4,0,8,3,1.9982,0.0018,20,2,2,4,0,8,3,0,1,20
197,5,3,0,0,0,0,6,1,15,5,3,0,0,0,0,6,1,15
198,3,1,0,0,0,0,0,2,6,3,1,0,0,0,0,0,2,6
198,1.5,0,0,0,0,0,0,0,1.5,1.5,0,0,0,0,0,0,0,1.5
198,0,0,0,0,0,0,0.5,0,0.5,0,0,0,0,0,0,0.5,0,0.5
198,0,0,0,0,0,0,7.5,0,7.5,0,0,0,0,0,0,7.5,0,7.5
199,1,0,0,0,1,0,3,0,5,1,0,0,0,1,0,3,0,5
200,0.15,0,0,2,0,4,7.35,0.5,14,0.15,0,0,2,0,4,7.35,0.5,14
200,0,0,0,10,0,0,40,0,50,0,0,0,10,0,0,40,0,50
201,0.25,0.5,0,0,0,3,2.2,0.05,6,0.25,0.5,0,0,0,3,2.2,0.05,6
202,0,2,0,0,0,4.75,0,0.25,7,0,2,0,0,0,4.75,0,0.25,7
203,5,0.06,0,2.94,8,2,5,1,24,4,1,0,3,4,6,5,1,24
203,0,0,0,0,0,0,0.32,0,0.32,0,0,0,0,0,0,0.32,0,0.32
203,0,0,0,4,3,2.5,13,0,22.5,0.5,0,0,4,3,2.5,12,0,22
203,0,0,0,3,2,2.5,15.5,0,23,0,0,0,3,2,2.5,15.5,0,23
203,0,0,0,0,3,2,17.5,0,22.5,0.5,0,0,0,3,2,17.5,0,23
204,3,0,0,0,6,0.99,0,0.01,10,3,0,0,0,6,0.99,0,0.01,10
204,0,0,0,0,3,0,0,0,3,0,0,0,0,3,0,0,0,3
205,0,0,4,4,9,1.4,5,0.1,23.5,0,0,4,4,9,1.4,5,0.1,23.5
205,0,2,8,0,10,4,0.7,0,24.7,0,2,8,0,10,4,0.7,0,24.7
206,0.02,0.2,0,0.04,0,0.1,3.44,0,3.8,0.02,0.2,0,0.04,0,0.1,3.44,0,3.8
206,0.1,0,0,0,0,1,0.7,0,1.8,0.1,0,0,0,0,1,0.7,0,1.8
207,1,0.35,0,0,0,0,1.9,0.25,3.5,1,0.35,0,0,0,0,2,0.15,3.5
208,0,0,0,0,0,5.5,1,0,6.5,0,0,0,0,0,5.5,1,0,6.5
208,0,2,0,0,0,0,3,0,5,0,0,0,0,0,0,5,0,5
209,0.5,1,0,0,1.5,2,14.75,0.25,20,0.5,1,0,0,1.5,2,14.75,0.25,20
210,0.25,2.5,0,0,0,0,0.25,0,3,0.25,2.5,0,0,0,0,0.25,0,3
211,0.5,0,0,0,0,0,0,0,0.5,0.5,0,0,0,0,0,0,0,0.5
211,1,0.5,0,0,1,0,0,0,2.5,1,0.5,0,0,1,0,0,0,2.5
211,0,0,0,0,0,0,2,0,2,0,0,0,0,0,0,2,0,2
212,2,1,0,0,15,2,0,1,21,2,1,0,0,15,2,0,1,21
212,0,0,0,0,0,0,1.3,0,1.3,0,0,0,0,0,0,1.3,0,1.3
212,0,0,0,0,0,0,3.3,0,3.3,0,0,0,0,0,0,3.3,0,3.3
213,1,0.5,1,0,0,0,0,0.5,3,1,0.5,1,0,0,0,0,0.5,3
214,0.5,0,0,0,1,0,2.5,0,4,0.5,0,0,0,1,0,2.5,0,4
214,0,0,0,0,0,0,9,0,9,0,0,0,0,0,0,9,0,9
215,0.25,0,0,1,3,0,1.74,0.01,6,0.25,0,0,1,3,0,1.74,0.01,6
215,0,0,0,0,1,0,5,0,6,0,0,0,0,1,0,5,0,6
216,1,1,0,0,3,8,6.75,0.25,20,1,1,0,0,5,6,6.75,0.25,20
217,0.25,0.25,0,0,0,1.74,1.75,0.01,4,0,0,0,0,0,2,2,0,4
217,0,0,0,0,0,0,9,0,9,0,0,0,0,0,0,9,0,9
218,0.75,0,0,0,0,0,0,0.25,1,0.75,0,0,0,0,0,0,0.25,1
219,0,1,0,0,0,0,0,0,1,0,1,0,0,0,0,0,0,1
220,0,0,0,0,4,0,2.5,1,7.5,0,0,0,0,4,0,2.5,1,7.5
220,0,0,0,0,18,0,0,0,18,0,0,0,0,18,0,0,0,18
220,1,0,0,0,0,0,0,0,1,1,0,0,0,0,0,0,0,1
220,2,0,0,0,0,0,0,0,2,2,0,0,0,0,0,0,0,2
220,0,0,0,0,14,0,13,0,27,0,0,0,0,14,0,13,0,27
221,3,0,0,0,1,10,15.75,0.25,30,3,0,0,0,1,10,15.75,0.25,30
221,7.5,0.5,0,0,1,0,1,0,10,7.5,0.5,0,0,1,0,1,0,10
221,0,0,0,0,0,0,3,0,3,0,0,0,0,0,0,3,0,3
221,0,0,0,0,0,0,0.5,0,0.5,0,0,0,0,0,0,0.5,0,0.5
222,2,2,0,0,0,0,1.997,0.003,6,2,2,0,0,0,0,1.997,0.003,6
222,0,0,0,0,0,0,8,0,8,0,0,0,0,0,0,8,0,8
222,0,0,0,0,0,0,4,0,4,0,0,0,0,0,0,4,0,4
222,0,0,0,0,0,0,9,0,9,0,0,0,0,0,0,9,0,9
223,0.1,0,0,0,0,0.5,0.9,0,1.5,0.1,0,0,0,0,0.5,0.9,0,1.5
224,0,0,0,0,3,2.4,1,0,6.4,0,0,0,0,0,5.4,1,0,6.4
225,0.15,0,0,0,6,0,0.1,0.25,6.5,0.15,0,0,0,6,0,0.1,0.25,6.5
226,0.5,1.75,0,0,0,0,0.75,0.5,3.5,0,0,0,0,0,0,3.5,0,3.5
227,1.5,0,0,0.5,0,0,0,0,2,1.5,0,0,0.5,0,0,0,0,2
228,2,2,0,0,25,11,0,0,40,2,2,0,0,25,11,0,0,40
229,0.5,0.05,0,0,0,0,0.4,0.05,1,0.5,0.05,0,0,0,0,0.4,0.05,1
230,0.7,0.5,0,0,0,0,4.75,0.05,6,0.7,0.5,0,0,0,0,4.75,0.05,6
231,0.5,0,0,0,0,0,0.2,0.05,0.75,0.5,0,0,0,0,0,0.2,0.05,0.75
231,2.5,0,0,1,0,0,1.7,0.05,5.25,2.5,0,0,1,0,0,1.7,0.05,5.25
232,4,4,0,0.5,27,0.498,4,0.002,40,4,4,0,0.5,27,0.498,4,0.002,40
233,1,0,0,2,3,1,1,0,8,1,0,0,2,3,1,1,0,8
233,0,0,0,0,1.3,0,0,0,1.3,0,0,0,0,1.3,0,0,0,1.3
234,11,2,0,20,5,0,6.7,0.3,45,11,2,0,20,5,0,6.7,0.3,45
235,1,0,0,0,0,3,1.993,0.007,6,0,0,0,0,0,0,6,0,6
236,0.5,0,0,0,0,0,0.05,0.25,0.8,0.5,0,0,0,0,0,0.05,0.25,0.8
236,0,0,0,0,0,0,4,0,4,0,0,0,0,0,2,2,0,4
236,0,0,0,0,1,0,3,0,4,0,0,0,0,0,2,2,0,4
236,0,0,0,0,2,0,2,0,4,0,0,0,0,0,2,2,0,4
236,0,0,0,0,1,0,3,0,4,0,0,0,0,0,2,2,0,4
237,2,1,0,0,0,0,0,1,4,2,1,0,0,0,0,0,1,4
237,0,0,0,0,0,0,0.5,0,0.5,0,0,0,0,0,0,0.5,0,0.5
238,1,2,0,0,1,0,0,0,4,1,2,0,0,1,0,0,0,4
239,0.1,0,0,0,0,0,0.1,0.05,0.25,0.1,0,0,0,0,0,0.1,0.05,0.25
239,0.65,0,0,0,30,8,9.35,0,48,0.65,0,0,0,30,8,9.35,0,48
240,0.5,0,0,0,0,10,22.4,0.1,33,0.5,0,0,0,0,10,22.4,0.1,33
241,0.25,1,0,0,8.5,0,1,0.25,11,0.25,0,0,0,8.5,0,2,0.25,11
241,0.5,0,0,0,0.4,0,0.1,0,1,0.5,0,0,0,0.4,0,0.1,0,1
241,0,0,0,0,2.5,0,0.5,0,3,0,0,0,0,2.5,0,0.5,0,3
241,0,0,0,0,0,0,0.5,0,0.5,0,0,0,0,0,0,0.5,0,0.5
242,0.25,0.25,0,0,0,0,1,0.5,2,0.25,0.25,0,0,0,0,1,0.5,2
243,0,0,0,0,5.5,0,0,0,5.5,0,0,0,0,5.5,0,0,0,5.5
243,0,0,0,0,7.5,0,0,0,7.5,0,0,0,0,7.5,0,0,0,7.5
244,3,2,0,0,2,0,13,1,21,3,2,0,0,2,0,13,1,21
245,0.5,0.01,0,0,0,0.59,0.5,0,1.6,0.5,0.01,0,0,0,0.59,0.5,0,1.6
245,0,0,0,0,0,3.3,0,0,3.3,0,0,0,0,0,3.3,0,0,3.3
246,12,0.75,0,0,0,0,241.25,1,255,12,0.75,0,0,0,0,241.25,1,255
247,3,1,0,0,44,39,0,1,88,3,1,0,0,44,39,0,1,88
248,3,1,0,1,0,0,2,1,8,3,1,0,0,0,0,3,1,8
249,0,0,0,0,16,0,6.9984,0.0016,23,0,0,0,0,16,0,6.9984,0.0016,23
250,0,0,0,0,14,0,0,0,14,0,0,0,0,14,0,0,0,14
251,0,0,0,0,0,1,0,3.5,4.5,0,0,0,0,0,1,0,3.5,4.5
252,0.1,0,0,0,5,4.9,0,0,10,0.1,0,0,0,5,4.9,0,0,10
253,3.25,0,0,0,0,0,1.1,0.15,4.5,3.25,0,0,0,0,0,1.1,0.15,4.5
254,0.5,0,0,0,0,0,0.5,0,1,0.5,0,0,0,0,0,0.5,0,1
255,0,0,0,0,2,0,0,0,2,0,0,0,0,2,0,0,0,2
255,0.5,0,0,0,8.9,0,0,0.1,9.5,0.5,0,0,0,8.9,0,0,0.1,9.5
255,0,0,0,0,3,0,0,0,3,0,0,0,0,3,0,0,0,3
256,0.04,0.46,0,0,4.4984,0,0,0.0016,5,0.04,0.46,0,0,4.4984,0,0,0.0016,5
256,0,0,0,0,0,0,1,0,1,0,0,0,0,0,0,1,0,1
257,0,0,0,0,0,0,0,1.5,1.5,0,0,0,0,0,0,0,1.5,1.5
257,0.75,0.75,0,0,0,0,0,0,1.5,0.75,0.75,0,0,0,0,0,0,1.5
258,1.5,0,0,0,0,0,0,0,1.5,1.5,0,0,0,0,0,0,0,1.5
259,5,0,0,0,0,0.5,1.5,0,7,5,0,0,0,0,0.5,1.5,0,7
260,0,0.5,0,0.5,0,0,0,0,1,0,0.5,0,0.5,0,0,0,0,1
261,0.25,0.75,0,0,2,0,0,0,3,0.25,0.75,0,0,2,0,0,0,3
262,0,0.42,0.08,0,0,0,1,0.5,2,0,0.5,0,0,0,0,1,0.5,2
263,4,0,0,0,0.5,0,0,0,4.5,0,0,0,0,0,4.5,0,0,4.5
264,7.5,0,0,1,18,0,2,0.5,29,7.5,0,0,1,18,0,2,0.5,29
264,0,0,0,0,29,0,0,0,29,0,0,0,0,29,0,0,0,29
264,0.25,0,0,1,43.75,0,0,0,45,0.25,0,0,1,43.75,0,0,0,45
264,1.5,0,0,0,27.5,0,0,0,29,1.5,0,0,0,27.5,0,0,0,29
264,0,0,0,0,47,0,0,0,47,0,0,0,0,47,0,0,0,47
265,0.04,0,0,0,0,0,0,0.0702,0.1102,0.04,0,0,0,0,0,0,0.0702,0.1102
265,0.5,0,0.5,1,0,0,0,0,2,0.5,0,0,1.5,0,0,0,0,2
266,0,0.44,0,0,0,0.006,0,0.054,0.5,0,0.44,0,0,0,0.006,0,0.054,0.5
267,1.175,0.795,0,0,0,0,0.0162,0.0138,2,1.175,0,0,0.795,0,0,0.0162,0.0138,2
268,1.5,0,0,0,66.2632,0,10,0.422,78.1852,1.5,0,0,0,66.2632,0,10,0.422,78.1852
268,2,0,0,0,21.035,20,0,0.0018,43.0368,2,0,0,0,21.035,20,0,0.0018,43.0368
269,2.25,0,0,0,0,0,4.55,0,6.8,2.25,0,0,0,0,0,4.55,0,6.8
270,0,0,0,0,0,0,0,0.078,0.078,0,0,0,0,0,0,0,0.078,0.078
271,0,0,0,0,0,0,0,0.1074,0.1074,0,0,0,0,0,0,0,0.1074,0.1074
272,0,0,0,0,6,0,0,0,6,0,0,0,0,6,0,0,0,6
273,0,0,0,0,0,0,0.166,0,0.166,0,0,0,0,0,0,0.166,0,0.166
273,2,0,0,0,2,0,20.6,0,24.6,2,0,0,0,2,0,20.6,0,24.6
274,2,0.66,0.25,0,64.0376,10,3.94,0.06,80.9476,2,1.25,0,0,63.6976,10,3.94,0.06,80.9476
275,2,0,1.015,0,0,0,115.7917,0.14,118.9467,2,1.015,0,0,0,0,115.7917,0.14,118.9467
276,0,0.033,0,0.2011,0,0,0,0,0.2341,0,0.033,0,0.2011,0,0,0,0,0.2341
276,0,0.01,0.19,0,0,0,0,0,0.2,0,0.01,0.19,0,0,0,0,0,0.2
277,0.1,0,0,0,4.1472,0,0,0.06,4.3072,0,0,0,0,4.2472,0,0,0.06,4.3072
278,0,0,0,0,0,0,0.951,0.06,1.011,0,0,0,0,0,0,0.951,0.06,1.011
278,0,0,0,0,0,0,0,0.049,0.049,0,0,0,0,0,0,0,0.049,0.049
279,0,0,0,0,71.6805,0,5,0.67,77.3505,0,0,0,0,71.6805,0,5,0.67,77.3505
279,2.5,0,0,1.8,42.4863,1,1,0.01,48.7963,2.5,0,0,1.8,42.4863,1,1,0.01,48.7963
280,0.315,0,0,0,0,0,0,0.1942,0.5092,0,0,0,0,0,0,0.5092,0,0.5092
281,0.11,0,0,0,0,0,0,0.527,0.637,0.11,0,0,0,0,0,0,0.527,0.637
282,2,0.15,0,0,35,20,28.28,0.01,85.44,2,0,0,0,35,20,28.43,0.01,85.44
283,2.9004,0,0,0,1,0,0,0.0012,3.9016,2.9004,0,0,0,1,0,0,0.0012,3.9016
283,0.04,0.07,0,0.143,0,0,0,0.25,0.503,0.04,0,0,0.213,0,0,0,0.25,0.503
284,0,0,0,0,60.7,0,0,1.3,62,0,0,0,0,31,0,31,0,62
284,0,0,0,0,58.96,0,0,1.04,60,0,0,0,0,58.96,0,0,1.04,60
284,0,0,0,0,3,0,0,0,3,0,0,0,0,0,0,0,0,0
285,0,0,0,0,90,0,11,0,101,0,0,0,0,90,0,11,0,101
285,0,0,0,0,40,0,29.99,0,69.99,0,0,0,0,40,0,29.99,0,69.99
286,0,0,0,0.0616,0,0,0,0.0084,0.07,0,0,0,0.0616,0,0,0,0.0084,0.07
287,0,0,0,0,0,0,0,0.2607,0.2607,0,0,0,0,0,0,0,0.2607,0.2607
288,0.5999,0,0,0,0,0,0,0.1376,0.7375,0.5999,0,0,0,0,0,0,0.1376,0.7375
289,0,0,0.004,1.1271,0,0,0,0.0045,1.1356,0,0,0,1.1311,0,0,0,0.0045,1.1356
290,0,0,0,0,0,0,0.5,0.5,1,0,0,0,0,0,0,0.5,0.5,1
291,0.045,0.01,0,0,0,0,0,0.015,0.07,0.045,0.01,0,0,0,0,0,0.015,0.07
292,0,0,0,0,0,0,0,0.0786,0.0786,0,0,0,0,0,0,0,0.0786,0.0786
292,0,0,0.5,0,0,0,0,0,0.5,0,0,0,0,0,0,0.5,0,0.5
292,0,1,0,0,0,0,0,0,1,0,0,0.5,0,0,0,0.5,0,1
293,0,0,0,0,0,0,0,0.1012,0.1012,0,0,0,0,0,0,0,0.1012,0.1012
294,0,0.01,0,0,0,0,0.0987,0.03,0.1387,0,0.01,0,0,0,0,0.0987,0.03,0.1387
294,0.4,0,0,0,0,0,0.05,0.05,0.5,0.4,0,0,0,0,0,0.05,0.05,0.5
295,15,1.26,0,0,33.15,1.59,1,1,53,15,1.26,0,0,33.15,1.59,1,1,53
296,0.15,0,0,0,0,0,0,0,0.15,0.15,0,0,0,0,0,0,0,0.15
296,0,0,0,0,0,0,0,0.05,0.05,0,0,0,0,0,0,0,0.05,0.05
296,0,0,0,0,0,0,0,0.03,0.03,0,0,0,0,0,0,0,0.03,0.03
297,0,0,0,0,0,0,0.0907,0.0112,0.1019,0,0,0,0,0,0,1.0967,0.0112,1.1079
298,0.75,2,0,0,1.2152,0,3,0.0348,7,0.75,2,0,0,1.2152,0,3,0.0348,7
299,0,0.1,0,0,0,0,2.3547,0.0453,2.5,0,0.1,0,0,0,0,2.3547,0.0453,2.5
300,10,0,0,0,60,0,7.4,0.1,77.5,10,0,0,0,60,0,7.4,0.1,77.5
301,0.25,0,0,0,28.6544,0,1,0.0048,29.9092,0.25,0,0,0,28.6544,0,1,0.0048,29.9092
301,0,0,0,0,54.0017,0,1,0,55.0017,0,0,0,0,54.0017,0,1,0,55.0017
301,3,0,0,0,21.8434,0,1,0.025,25.8684,3,0,0,0,21.8434,0,1,0.025,25.8684
301,0,0,0,0.129,0,0,0,0,0.129,0,0,0,0.129,0,0,0,0,0.129
301,0,0,0,0.0643,0,0,0,0,0.0643,0,0,0,0.0643,0,0,0,0,0.0643
301,0,0,0,0.0526,0,0,0,0,0.0526,0,0,0,0.0526,0,0,0,0,0.0526
302,0,0,0,0,56.0046,0,0,0.1,56.1046,0,0,0,0,56.0046,0,0,0.1,56.1046
303,23,0.5,0,0,123.6893,0,0,0.16,147.3493,23,0.5,0,0,123.6893,0,0,0.16,147.3493
304,2.497,1,0.5,1,2,0,0,0.003,7,2.497,1,0,1.5,2,0,0,0.003,7
304,10,0,0,0,30.6953,0,0,0,40.6953,10,0,0,0,30.6953,0,0,0,40.6953
305,1,3,0,0,13.288,0,1,0.0546,18.3426,1,3,0,0,13.288,0,1,0.0546,18.3426
306,18.6597,1.24,0.51,0,12,0,0.722,0.0424,33.1741,18.6597,2,0,0,12,0,0.5,0.0144,33.1741
307,0,0.03,0,0,0,0,0,0.025,0.055,0,0.03,0,0,0,0,0,0.025,0.055
308,0.05,0.02,0,0,0,0,0.03,0,0.1,0.05,0.02,0,0,0,0,0.03,0,0.1
308,0,0.1,0,0,0,0,0,0,0.1,0,0.1,0,0,0,0,0,0,0.1
309,0,0.3,0,0,0,0,0.25,0.45,1,0,0.25,0,0,0,0,0.25,0.5,1
309,2.04,2.23,0,0,0,0,0.23,0,4.5,2.04,0.96,0,0,0,1,0.5,0,4.5
310,0,0.25,1.8,0,0,0,6.95,0,9,0,0.25,1.8,0,0,0,6.95,0,9
311,4,1.1,0,1.8533,0,0,0,0.096,7.0493,4,1.1,0,1.8533,0,0,0,0.096,7.0493
311,6.476,0,0,0,0,0,0,0,6.476,6.476,0,0,0,0,0,0,0,6.476
311,0,0,0,0,0,0,0.2356,0,0.2356,0,0,0,0,0,0,0.2356,0,0.2356
311,0,0,0,0,0,0,0,0.012,0.012,0,0,0,0,0,0,0,0.012,0.012
311,0,0,0,0,0,0,0,0.0401,0.0401,0,0,0,0,0,0,0,0.0401,0.0401
312,5,0,0,2.4,5,0,0,0,12.4,0,0,0,0,0,0,12.4,0,12.4
313,9,0,0,0,8,0,9,0,26,9,1.24,0,0,0,0,15.76,0,26
313,0.51,0.99,0.36,0,0,0,0,0.14,2,0.51,0.99,0.36,0,0,0,0,0.14,2
314,0.05,0.375,0,0,0,0,0,0.0102,0.4352,0.05,0.375,0,0,0,0,0,0.0102,0.4352
315,3,0,0,1,20,0,0.9947,0.0053,25,3,0,0,1,20,0,0.9947,0.0053,25
316,0,0,0,0,0,0,0.4647,0,0.4647,0,0,0,0,0,0,0.4647,0,0.4647
316,0,0,0,0,0,0,0,0.2411,0.2411,0,0,0,0,0,0,0,0.2411,0.2411
316,0,0,0,0,6.9735,0,0,0,6.9735,0,0,0,0,6.9735,0,0,0,6.9735
316,0,0,0,0,5,0,12.2791,0,17.2791,0,0,0,0,5,0,12.2791,0,17.2791
316,2,0,0,0,10.555,0,0,0,12.555,2,0,0,0,10.555,0,0,0,12.555
317,0.15,0.0225,0,0.0225,0,0,10.715,0.09,11,0,0,0,0,0,0,11,0,11
318,10,1.5,3,11.5,10.99,0,0,0.01,37,10,1.5,3,11.5,10.99,0,0,0.01,37
318,2,0,0,0,0,0,0,0,2,2,0,0,0,0,0,0,0,2
319,2.58,1.1,0,0,4,10,24.31,0.01,42,2.58,0.1,1,0,4,10,24.31,0.01,42
319,0.1658,0,0,0,0,0,0,0.0042,0.17,0.1658,0,0,0,0,0,0,0.0042,0.17
320,0.25,0.28,0.72,0,10,0,2.2275,0.0225,13.5,0.25,0.28,0,0,10,0,2.9475,0.0225,13.5
321,0,0.2,0,0,0,0,0,0.8,1,0,0.2,0,0,0,0,0,0.8,1
321,0,0.2,0,0,0,0,0,0.8,1,0,0.2,0,0,0,0,0,0.8,1
322,0,0,0,0,0,0,0,0.1,0.1,0,0,0,0,0,0,0,0.1,0.1
322,0,0,0,0,9,0,0.6084,0,9.6084,0,0,0,0,9,0,0,0,9
322,0,0,0,0,5,0,0.1179,0,5.1179,0,0,0,0,5,0,0,0,5
322,0,0,0,0,4,0,0.1675,0,4.1675,0,0,0,0,3,0,0,0,3
322,0,0,0,0,9,0,2.6756,0,11.6756,0,0,0,0,9,0,0,0,9
322,0,0,0,0,20,0,0,0,20,0,0,0,0,20,0,0,0,20
323,0,0,0.0006,0,0,0,0,0.1994,0.2,0,0,0,0,0,0,0,0.2,0.2
324,0.03,0,0,0,59.9525,0,0,0.0175,60,0,0,0,0,59.9825,0,0,0.0175,60
325,2.2524,0.0024,0,0,0,0,0.7412,0.004,3,2.2524,0.0024,0,0,0,0,0.7412,0.004,3
325,0,0,0,0,0,0,0,0.18,0.18,0,0,0,0,0,0,0,0.18,0.18
326,0,0,0,0,0,0,0,0.3,0.3,0,0,0,0,0,0,0,0.3,0.3
327,0,0.1002,0,1.5571,0,0,0,0.012,1.6693,0,0,0,1.6693,0,0,0,0,1.6693
328,0.004,0,0,0.057,0,0,0,0.086,0.147,0.004,0,0,0.057,0,0,0,0.086,0.147
329,0,0,0,0.0441,0,0,0,0.0099,0.054,0,0,0,0.0441,0,0,0,0.0099,0.054
330,0.03,0.03,0,0.048,0,0,0,0.012,0.12,0.03,0.03,0,0.048,0,0,0,0.012,0.12
331,0.25,0,0.25,0,0.4789,0,0.036,0.004,1.0189,0.25,0,0,0,0.7289,0,0.036,0.004,1.0189
332,0,0.006,0,0,0,0,0,0.094,0.1,0,0,0,0.006,0,0,0,0.094,0.1
332,0,0,0,0.1,0,0,0,0,0.1,0,0,0,0.1,0,0,0,0,0.1
333,0.12,0,0.06,0,0,0,0,0.07,0.25,0.12,0.06,0,0,0,0,0,0.07,0.25
334,0,0,0,0,8.367,0,0,0,8.367,0,0,0,0,8.367,0,0,0,8.367
335,3.5,0,0,0,0,0,2.93,0,6.43,0,0,0,6.43,0,0,0,0,6.43
335,0,0,0,0,0,0,1.0008,0,1.0008,0,0,0,0,0,0,1.0008,0,1.0008
336,0,0,0.01,0.15,0,0,0,0.09,0.25,0.1,0,0,0,0,0,0,0.15,0.25
336,0,0,0.05,0,0,0,0,0,0.05,0,0,0,0.05,0,0,0,0,0.05
337,7.5,0,0,0,0,0,0,0,7.5,7.5,0,0,0,0,0,0,0,7.5
338,3.5,0,0,0,0,0,3,0,6.5,3.5,0,0,0,0,0,3,0,6.5
339,5.75,0,0,0,0,0,0.25,0,6,5.75,0,0,0,0,0,0.25,0,6
339,0,0,0,0,0,0,1,0,1,0,0,0,0,0,0,1,0,1
340,3.5,0,0,0,0,0,3,0,6.5,3.5,0,0,0,0,0,3,0,6.5
341,2.5,0.75,0.5,0,0,0,0,0.2454,3.9954,2.5,1.25,0,0,0,0,0,0.2454,3.9954
341,0,0,0,0,0,0,3.848,0,3.848,0,0,0,0,0,0,3.848,0,3.848
342,1.73,0.5,0,0,0,0,4,1.77,8,1.73,0.5,0,0,0,0,4,1.77,8
343,0.06,0,0,0,0,0,2.0828,1.0242,3.167,0.06,0,0,0,0,0,2.0828,1.0242,3.167
344,1.75,0.01,0.72,0.79,6.73,0,0,0,10,1.75,0.01,0.72,0.79,6.73,0,0,0,10
345,8,0,0.5,3,0,0,0,0.5,12,8,0,0.5,3,0,0,0,0.5,12
346,0,0.492,0,0,0,0,0,0.0734,0.5654,0,0,0,0.492,0,0,0,0.0734,0.5654
346,0,0,0.4965,0,0,0,0,0,0.4965,0,0.4965,0,0,0,0,0,0,0.4965
346,0,1,0,0,0,0,0,0,1,0,1,0,0,0,0,0,0,1
347,0,0,0,0,0,0,0,0.35,0.35,0,0,0,0,0,0,0.12,0.23,0.35
348,0,0,0,0,0,0,0,0.1,0.1,0.093,0,0,0,0,0,0,0.007,0.1
348,0,0.0182,0,0,0,0,0,0.0718,0.09,0.09,0,0,0,0,0,0,0,0.09
349,0,0.006,0,0,0,0,0,0.0739,0.0799,0,0.006,0,0,0,0,0,0.0739,0.0799
350,0,0,0,0,50,0,0,22,72,0,0,0,0,50,0,0,22,72
351,2,0.5,4,4,8,0,16.4931,0.0069,35,2,0.5,4,4,8,0,16.4931,0.0069,35
352,0,0,0,0,5,0,14.5,0.5,20,0,0,0,0,5,0,14.5,0.5,20
353,3,0,0,0,0,0,0,0,3,3,0,0,0,0,0,0,0,3
353,2,0,0,0,0,0,0,0,2,2,0,0,0,0,0,0,0,2
354,10.25,0.25,1,39.7558,59,35,15,0.2042,160.46,10.25,0.25,1,39.7558,59,35,15,0.2042,160.46
354,0,0,0,0,2.54,0,0,0,2.54,0,0,0,0,2.54,0,0,0,2.54
355,0.03,0.12,0.18,0.9214,0.6,0.015,0,0.1336,2,0.03,0.12,0,0.9214,0.6,0.015,0.18,0.1336,2
356,0,0.0124,0,0.0498,0,0,0,0.011,0.0732,0,0.0124,0,0.0498,0,0,0,0.011,0.0732
356,0,0.26,0,0,0,0,0.24,0,0.5,0,0,0,0,0,0,0.5,0,0.5
357,0,0.03,0.03,0.1626,0,0,0,0.04,0.2626,0,0.06,0,0.1626,0,0,0,0.04,0.2626
358,0,0,0,0,0,0,0,0.15,0.15,0,0,0,0,0,0,0,0.15,0.15
358,0,0,0.5252,0,0.25,0,0.2528,0,1.028,0,0.5252,0,0,0.25,0,0.2528,0,1.028
359,0.4152,0.05,0,0,0,0,0,0.0499,0.5151,0.4152,0,0,0.05,0,0,0,0.0499,0.5151
360,5,0,0,0,35.5,0,0,0.5,41,5,0,0,0,35.5,0,0,0.5,41
361,0,0,0,0,0,0,0,1,1,0,0,0,0,0,0,0,1,1
362,0.9119,0,0,0,0,0,0,0.0042,0.9161,0.9119,0,0,0,0,0,0,0.0042,0.9161
363,0,0,0,0,0,0,0,0.16,0.16,0,0,0,0,0,0,0,0.16,0.16
364,0.832,0,0,0,0,0,0,0.008,0.84,0.832,0,0,0,0,0,0,0.008,0.84
365,0,0,0,0,0.0576,0,0,0,0.0576,0,0,0,0,0.0576,0,0,0,0.0576
365,0,0,0,0,0,0,0,0.006,0.006,0,0,0,0,0,0,0,0.006,0.006
366,0,0,0,0,0,0,0,0.1,0.1,0,0,0,0,0,0,0,0.1,0.1
366,2,0,0,0,0,0,0,0,2,2,0,0,0,0,0,0,0,2
367,2,0,0.252,1.728,0,0,0,0.02,4,3.98,0,0,0,0,0,0,0.02,4
368,0.5,0.4,0,2,0,0,13.6,0.5,17,2.5,0,0,0,0,0,14,0.5,17
369,0,0,0,1.5,0,0,0.7995,0.0962,2.3957,0,0,0,1.5,0,0,0.7995,0.0962,2.3957
369,0,0,0,0,0,0,0.1512,0.0205,0.1717,0,0,0,0,0,0,0.1512,0.0205,0.1717
369,0,0,0,0,0,0,0,0.0308,0.0308,0,0,0,0,0,0,0,0.0308,0.0308
369,0,0,0,0,0,0,0.0953,0.012,0.1073,0,0,0,0,0,0,0.0953,0.012,0.1073
370,4.75,0.02,1.7566,0.0094,15.94,0,0,1.1734,23.6494,0.75,0,0.25,7.2173,14,0,0,1.4234,23.6407
370,0,0,0,0,0,0,5.9906,0,5.9906,0,0,0,0,0,0,6,0,6
371,7,0,0,0,0,0,0,0,7,7,0,0,0,0,0,0,0,7
371,0,0,0,0,0,0,0.9592,0,0.9592,0,0,0,0,0,0,0.9592,0,0.9592
372,4,0,0.005,2,0,0,0.9,0.095,7,4,0.005,0,2,0,0,0.9,0.095,7
373,3,0,0,10,87.85,0,0,0.15,101,3,0,0,10,87.85,0,0,0.15,101
373,0,0,0,0,82,0,0,0,82,0,0,0,0,82,0,0,0,82
374,2.5,0,0,1,0,0,2.5,0,6,2.5,0,0,1,0,0,2.5,0,6
375,3.6952,0,0,0,0,0,0,0.0048,3.7,3.6952,0,0,0,0,0,0,0.0048,3.7
376,0,2,0,0,0,0,1.8928,0.0072,3.9,0,2,0,0,0,0,1.8928,0.0072,3.9
376,0,0,0,0,0,0,0,0.2539,0.2539,0,0,0,0,0,0,0,0.2539,0.2539
376,0,0,0,0,0,0,0,0.2742,0.2742,0,0,0,0,0,0,0,0.2742,0.2742
376,0,0.4,0,0,0,0,0.0715,0.2,0.6715,0,0.4,0,0,0,0,0.0715,0.2,0.6715
377,0,0,0,0,0,0,0,0.1518,0.1518,0,0,0,0,0,0,0,0.1518,0.1518
377,0,0.1,0,0,0,0,0.3,0,0.4,0,0.1,0,0,0,0,0.3,0,0.4
377,0.5,1.05,0.9516,0,0,0,0,0,2.5016,0.5,1.05,0.9516,0,0,0,0,0,2.5016
377,1,0,0,0,0,0,0,0,1,1,0,0,0,0,0,0,0,1
377,0,0.21,0,0,0,0,64.0623,0,64.2723,0,0,0,0,0,0,64.2723,0,64.2723
378,0.5,0,0.11,0,0,0,2.26,0.13,3,0.5,0.11,0,0,0,0,2.26,0.13,3
379,1.5,0,0,0,0,0,0,0.5,2,1.5,0,0,0,0,0,0,0.5,2
380,0.12,0.06,0.06,0,0,0,0,0.26,0.5,0.12,0,0,0,0,0,0,0.38,0.5
381,7.5,1.06,0,0,8,0,14.94,0.5,32,7.5,1.06,0,0,8,0,14.94,0.5,32
381,0,0,0,0,0,0,5,0,5,0,0,0,0,0,0,5,0,5
382,1,0,0,0,0,0,0,2,3,1,0,0,0,0,0,0,2,3
383,0,0,0,0.03,0,0,0.3391,0.1309,0.5,0,0,0,0.03,0,0,0.3391,0.1309,0.5
384,0,0.005,0,0,0,0,0,0.195,0.2,0,0.005,0,0,0,0,0,0.195,0.2
385,1.5,0.44,0.06,0,0,0,0,0.45,2.45,1.5,0.44,0.06,0,0,0,0,0.45,2.45
385,0.5,0.5,0,0,0,0,0,0,1,0.5,0.5,0,0,0,0,0,0,1
386,0.18,0.0006,0,0.2,0,0,0,0.0194,0.4,0,0,0,0,0,0,0.2,0.2,0.4
387,0.75,0.01,0,0,0,0,0,0.24,1,0,0,0,0,0,0,1,0,1
387,0.037,0,0.008,0,0,0,0,0.005,0.05,0,0.05,0,0,0,0,0,0,0.05
387,0.05,0,0,0,0,0,0,0,0.05,0,0,0,0,0,0,0.05,0,0.05
387,0,0,0,0,0,0,0,0.1,0.1,0,0,0,0,0,0,0,0.1,0.1
388,0,0.535,0,0,0,0,0,0.465,1,0,0,0,0,0,0,0.535,0.465,1
389,0,0,0.5,0,1,0,0,0.5,2,0,0,0,0,1.5,0,0,0.5,2
390,0,0.008,0,0,1,0,0,0.492,1.5,0,0,0,0,1,0,0,0.5,1.5
391,0,0,0,0,0,0.02,0,0.08,0.1,0,0,0,0,0,0.05,0,0.05,0.1
392,1.5,0,0.062,0.8792,0,0,1,0.0588,3.5,1.5,0,0.062,0.8792,0,0,1,0.0588,3.5
393,0.5,0,1,0,0,0,0.508,0.006,2.014,0.5,1,0,0,0,0,0.508,0.006,2.014
393,0,0,0,0,0,0,18,0,18,0,0,0,0,0,0,18,0,18
394,0.18,0.36,0,0,0,0,0.29,0.17,1,0,0,0,0,0,0,0.88,0.12,1
395,0.0025,0,0.4707,0.5,0,0,0,0.0268,1,0.0025,0.4707,0,0.5,0,0,0,0.0268,1
396,6.5,0,0,0,0,0,3,0.5,10,6.5,0,0,0,0,0,3,0.5,10
397,0.15,0,0,10,83.69,0,0.16,4,98,10.15,0,0,0,83.69,0,0.16,4,98
397,0,0,0,0,0,0,0.02,0,0.02,0,0,0,0,0,0,0.02,0,0.02
398,0,0.52,0.25,0,0,0,0.25,0.48,1.5,0,0,0,0,0,0,1.5,0,1.5
399,0,0,0,0,0,0,0,0.1,0.1,0,0,0,0,0,0,0,0.1,0.1
399,0,0,0,0,0,0,0.8,0,0.8,0,0,0,0,0,0,0.8,0,0.8
400,1,3.337,0,0,0,0,0,0.663,5,1,3.337,0,0,0,0,0,0.663,5
400,0,0.5,0,0,0,0,0,0.5,1,0,0,0,0,0,0,1,0,1
401,0,0,0,0.125,0,0,0.5,0.875,1.5,0,0,0,0,0,0,0.625,0.875,1.5
402,1.5,0.01,0,0,0,0,4.4478,0.1298,6.0876,1.5,0.01,0,0,0,0,4.4478,0.1298,6.0876
403,0,0,0,0,0,0,0,0.2438,0.2438,0,0,0,0,0,0,0,0.2438,0.2438
404,2.5,0,0,0,0,0,3.5154,0.009,6.0244,2,0,0,0,0,0,4.0154,0.009,6.0244
404,0,0,0,0,0,0,0.0414,0,0.0414,0,0,0,0,0,0,0.0414,0,0.0414
405,2,0.03,0,0,0,0,1,0.4456,3.4756,2,0.03,0,0,0,0,1,0.4456,3.4756
406,5,0,0,0,0,0,0,2,7,5,0,0,0,0,0,0,2,7
407,1.5,0,0,0,118.5,0,40,5,165,1.5,0,0,0,118.5,0,40,5,165
407,0,0,0,0,40,0,0,0,40,0,0,0,0,40,0,0,0,40
408,6,0,0.005,5,3.005,0,3,0.99,18,6,0,0,5.005,3.005,0,3,0.99,18
409,0,0,0,0,54.9685,0,10,0.0315,65,0,0,0,0,54.9685,0,10,0.0315,65
410,2.5,0,0,0,30.452,3,12,0.048,48,2,0,0,0,30.952,3,12,0.048,48
411,0.05,0,0,0,0,0,0.2,0.05,0.3,0.05,0,0,0,0,0,0.2,0.05,0.3
412,1,0,0,0.2,0,0,0,1,2.2,1,0,0,0.2,0,0,0,1,2.2
412,0,0,0,0,0,0,1.2,0,1.2,0,0,0,0,0,0,1.2,0,1.2
413,0,0,0,0,0,0,0.075,0.075,0.15,0,0,0,0,0,0,0.075,0.075,0.15
414,0,0,0,0,0,0,0,0.24,0.24,0,0,0,0,0,0,0,0.24,0.24
414,0,0,0,0,0,0,0,0.5,0.5,0,0,0,0,0,0,0,0.5,0.5
414,0,0.08,0,0.42,0,0,0,0.5,1,0,0,0,0,0,0,1,0,1
415,0,0,0,0,8,0,0,0,8,0,0,0,0,8,0,0,0,8
415,0.09,0,0,0,15.66,0,0,0.05,15.8,0.09,0,0,0,15.66,0,0,0.05,15.8
415,0,0,0,0,24,0,0,0,24,0,0,0,0,24,0,0,0,24
416,13.5,0,0,0,120,0,3.813,1,138.313,13.5,0,0,0,120,0,3.813,1,138.313
417,0,0,0.16,0,0,0,0,0.24,0.4,0,0.16,0,0,0,0,0,0.24,0.4
417,5,0.2,0.3,0,0,0,1.68,0.82,8,0,0,0,0,0,0,8,0,8
418,0.2262,0.161,0,0,0,0,0,0.0189,0.4061,0.2262,0.161,0,0,0,0,0,0.0189,0.4061
419,0.5,0.005,0,0,29.195,0,5,0.3,35,0.5,0,0.005,0,29.195,0,5,0.3,35
420,0.5,0,0.21,0,0,0,0.29,0,1,0.5,0,0.21,0,0,0,0.29,0,1
421,14,0,0,0,0,0,0,0,14,14,0,0,0,0,0,0,0,14
422,0,0,0,0,19,0,0,1,20,0,0,0,0,19,0,0,1,20
423,0.1525,0.0002,0,0,0,0.2721,0,0.0064,0.4312,0.1525,0.0002,0,0,0,0.2721,0,0.0064,0.4312
424,0,0.245,0,0,0,0,0,0.1341,0.3791,0,0.245,0,0,0,0,0,0.1341,0.3791
424,0,0,0,0,0,0,0.0753,0,0.0753,0,0,0,0,0,0,0.0753,0,0.0753
424,0,0,0,0,0,0,0.4925,0,0.4925,0,0,0,0,0,0,0.4925,0,0.4925
424,0,0,0,0,0,0,0.0782,0,0.0782,0,0,0,0,0,0,0.0782,0,0.0782
424,0,0,0,0,0,0,1.7733,0,1.7733,0,0,0,0,0,0,1.7733,0,1.7733
425,0.03,0.01,0,0,0.95,0,0,0.01,1,0.03,0,0,0,0.96,0,0,0.01,1
425,0,0,0,0,0,0,0,0.0421,0.0421,0,0,0,0,0,0,0,0.0421,0.0421
425,0,0,0,0,0,0,0,0.036,0.036,0,0,0,0,0,0,0,0.036,0.036
426,0,0,0,0,0,0,0,0.5,0.5,0,0,0,0,0,0,0,0.5,0.5
427,7,0,0,0,0,0,0,0,7,3,0,0,4,0,0,0,0,7
428,0.01,0,0,0,0,0,0,0.25,0.26,0.01,0,0,0,0,0,0,0.25,0.26
428,1,0,0,6,0,0,0,0,7,1,0,0,6,0,0,0,0,7
429,0.03,0,0.1616,0,0,0,0,0.0084,0.2,0.03,0,0.1616,0,0,0,0,0.0084,0.2
430,0,0,0,0,0,0,0,0.1021,0.1021,0,0,0,0,0,0,0,0.1021,0.1021
430,0,0,0,0.19,0,0,0,0,0.19,0,0,0,0.19,0,0,0,0,0.19
431,4.9994,1,0,0,0,0,0,0.0006,6,4.9994,0,0,1,0,0,0,0.0006,6
431,0,0,0,0,0,0,1,0,1,0,0,0,0,0,0,1,0,1
431,1,0,0,0,0,0,0,0,1,1,0,0,0,0,0,0,0,1
431,0,0,0,0,0,0,1.5,0,1.5,0,0,0,0,0,0,1.5,0,1.5
431,0,0,0,4,0,0,2,0,6,0,0,0,4,0,0,2,0,6
432,0.03,0,0,0.0576,0,0,0,0.0124,0.1,0.03,0,0,0.0576,0,0,0,0.0124,0.1
432,0,0.01,0,0,0,0,0,0.051,0.061,0,0.01,0,0,0,0,0,0.051,0.061
432,0,0.03,0,0.09,0,0,0,0,0.12,0,0.03,0,0.09,0,0,0,0,0.12
433,0,0,0,0,0,0,0,0.3836,0.3836,0,0,0,0,0,0,0,0.3836,0.3836
434,0.5,0,0,5.5,1,0,0,0,7,0,0,0,7,0,0,0,0,7
434,0,0,0,1,0,0,0,0,1,0,0,0,1,0,0,0,0,1
435,6,0,0,12.9928,1,0,0,0.0072,20,6,0,0,12.9928,0,0,1,0.0072,20
436,4,0,0,0,0,0,2.28,0,6.28,4,0,0,0,0,0,2.28,0,6.28
436,0,0,0,0,1,0,0,0,1,0,0,0,0,1,0,0,0,1
436,0,0,0,0.55,0,0,0,0,0.55,0,0,0,0.55,0,0,0,0,0.55
437,1.3624,0.012,0,0,0,0,1,0.0256,2.4,1.3624,0.012,0,0,0,0,1,0.0256,2.4
438,0,0,0,15,45,34.5618,0,0.4382,95,0,0,0,15,45,34.5618,0,0.4382,95
439,3.5,0,0.012,0,0,0,0.188,0.3,4,3.5,0.12,0,0,0,0,0.08,0.3,4
439,0.25,0.25,0,0,0,0,0,0,0.5,0.25,0.25,0,0,0,0,0,0,0.5
440,0.001,0.0474,0,0,0,0,0,0.0116,0.06,0.001,0.0474,0,0,0,0,0,0.0116,0.06
441,0,0.0391,0,0,0,0,0,0.051,0.0901,0,0.0391,0,0,0,0,0,0.051,0.0901
441,0,0,0,0.0604,0,0,0,0,0.0604,0,0,0,0.0604,0,0,0,0,0.0604
442,0.45,1.7,0,0,6,0,1.8488,0.0012,10,0.45,1.7,0,0,6,0,1.8488,0.0012,10
443,0.0032,0.0058,0,0,0,0,0.7868,0.0042,0.8,0.0032,0.0058,0,0,0,0,0.7868,0.0042,0.8
443,0,0,0,0,0,0.05,0,0,0.05,0,0,0,0,0,0.05,0,0,0.05
444,2.5,0.5,1.5,0.1733,0,0,0,0.03,4.7033,2.5,1,0,1.1733,0,0,0,0.03,4.7033
445,0,1.44,0.2,0,0,0,0.9589,0.0018,2.6007,0.2,0.94,0.5,0,0,0,0.9589,0.0018,2.6007
445,1,0.015,0,0,0,0,0,0.3076,1.3226,1,0.015,0,0,0,0,0,0.3076,1.3226
446,0,0.6,0,0.4,0,0,0,0,1,0,0,0,1,0,0,0,0,1
446,0,0.01,0,0.1694,0,0,0,0.002,0.1814,0.01,0,0,0.1694,0,0,0,0.002,0.1814
447,6.15,1.064,1,2,0,0,6.877,0.025,17.116,6.15,1.064,0,3,0,0,6.877,0.025,17.116
447,0.04,0,0,0,0,0,0.1518,0.123,0.3148,0.04,0,0,0,0,0,0.1518,0.123,0.3148
448,6.25,0.5,0,1,0,0,10.5905,0.0018,18.3423,6.25,0.5,0,1,0,0,10.5905,0.0018,18.3423
449,0.25,0,0,0.7491,2.0189,0,0,0.0009,3.0189,0.25,0,0,0.7491,2.0189,0,0,0.0009,3.0189
450,0,0,0,0,0.5,0,0,0.5365,1.0365,0,0,0,0,0.5,0,0,0.5365,1.0365
450,0,0,0,3.8008,15,0,12,0.056,30.8568,0,0,0,3.8008,15,0,12,0.056,30.8568
451,6,0,0,0.02,0,0,0,0.6642,6.6842,6,0,0,0.02,0,0,0,0.6642,6.6842
451,0,0,0.1673,0,0,0,0,0,0.1673,0,0.03,0.1373,0,0,0,0,0,0.1673
451,4.664,0.37,0,0,0,0,0,0.45,5.484,4.664,0.37,0,0,0,0,0,0.45,5.484
452,0.666,0.333,0,0,60.3618,0,0,0.11,61.4708,0.666,0.333,0,0,60.3618,0,0,0.11,61.4708
453,0.75,0,10,0,66.7181,0,0,0.0204,77.4885,0.75,0,0,0,50,26.7325,0,0.006,77.4885
453,0,0,0,0,40.3905,0,0,0,40.3905,0,0,0,0,10.3905,30,0,0,40.3905
454,1.7325,0,0,0,1,0,0,0.2015,2.934,0,0,0,0,0,0,2.934,0,2.934
455,0,0,0,0,0,0,0,0.0984,0.0984,0,0,0,0,0,0,0,0.0984,0.0984
456,0,0.202,0,0,0,0,0,0.038,0.24,0,0.202,0,0,0,0,0,0.038,0.24
457,0,0,0,0,0,0,0.14,0.01,0.15,0,0,0,0,0,0,0.14,0.01,0.15
457,0,0.3,0,0,0,0,0,0,0.3,0,0.3,0,0,0,0,0,0,0.3
458,0,0,0,0,0,0,0.0871,0.0144,0.1015,0,0,0,0,0,0,0.0871,0.0144,0.1015
458,0,0.1003,0,0,0,0,0,0,0.1003,0,0.1003,0,0,0,0,0,0,0.1003
459,0,0.3675,0,1.6289,0,0,0,0.0036,2,0,0,0,0,0,0,2,0,2
460,2,0.02,0.98,0,0,0,0.395,0.065,3.46,2,0,1,0,0,0,0.395,0.065,3.46
461,0,0.095,0,0,0,0,0.8402,0.0648,1,0,0,0,0,0,0,0.9352,0.0648,1
462,0,0,0,0,0,0,0,0.26,0.26,0,0,0,0,0,0,0,0.26,0.26
463,6,0,0,0,29.8,0,0,0.2,36,6,0,0,0,29.8,0,0,0.2,36
463,0,0,0,0,22,0,0,0,22,0,0,0,0,22,0,0,0,22
464,6.218,0,0.52,0,0,0,0,0.262,7,6.218,0.52,0,0,0,0,0,0.262,7
465,0,0,0,0,9.5,0,0.5,0,10,0,0,0,0,9.5,0,0.5,0,10
466,0,0.07,0.02,0,0,0,0,0.41,0.5,0,0,0,0,0,0,0.5,0,0.5
467,22,3.35,0,0,30.8245,0,0,0.275,56.4495,22,3.35,0,0,30.8245,0,0,0.275,56.4495
467,0,0,0,0,8.4695,0,0,0,8.4695,0,0,0,0,8.4695,0,0,0,8.4695
468,2.5,0.75,0,0,0,0,0.7018,0.4,4.3518,2.75,0.5,0,0,0,0,0.7018,0.4,4.3518
468,0,0,0,0.9902,0,0,0,0.02,1.0102,0,0.9902,0,0,0,0,0,0.02,1.0102
469,0,1.06,0,0,0,0.9,0,0.04,2,0,0.06,0.9,0,0,0,1,0.04,2
470,2,0,0,0,259.1436,0,64.7859,0.0705,326,2,0,0,0,259.1436,0,64.7859,0.0705,326
471,13,0,0,0,0,0,0,0,13,13,0,0,0,0,0,0,0,13
472,3,0,0,0,0,0,0,0,3,3,0,0,0,0,0,0,0,3
472,3.5,0,0,0,0,0,0,0,3.5,3.5,0,0,0,0,0,0,0,3.5
472,0,0,0,0,0,0,0,0.5,0.5,0,0,0,0,0,0,0,0.5,0.5
472,0.5,0,0,0,0,0,0,0,0.5,0.5,0,0,0,0,0,0,0,0.5
472,0,0,0,0,0,0,0.16,0,0.16,0,0,0,0,0,0,0.16,0,0.16
473,0,0,0,0.1,0,0,0,0.2,0.3,0,0.1,0,0,0,0,0,0.2,0.3
474,0,0,0,0.4829,0,0,0,0.0294,0.5123,0,0,0,0.4829,0,0,0,0.0294,0.5123
475,1,0,0,0,5.2216,0,0,0.6764,6.898,1,0,0,0,5.2216,0,0,0.6764,6.898
475,0,0,0,0,13.0356,0,0,0,13.0356,0,0,0,0,13.0356,0,0,0,13.0356
475,0,0,0,0,0,0,0,0.0551,0.0551,0,0,0,0,0,0,0,0.0551,0.0551
476,10,0,0,0,127.868,0,1,15.132,154,10,0,0,0,117.868,10,1,15.132,154
477,0.25,0,0,0,0,0.241,0.5,0.009,1,0.25,0,0,0,0,0.241,0.5,0.009,1
478,9,0,0,0,91.9903,0,1,0.0097,102,8,0,0,0,91.9903,0,2,0.0097,102
479,0,0,0.02,0,0,0,0,0.08,0.1,0,0,0.02,0,0,0,0,0.08,0.1
479,1,0,0,0,0,0,0,0,1,1,0,0,0,0,0,0,0,1
480,0,0.04,0,0,0,0,0,0.05,0.09,0,0.04,0,0,0,0,0,0.05,0.09
481,1.982,0,0,0,0,0,0,0.018,2,1.982,0,0,0,0,0,0,0.018,2
482,5.5,0.5,0.1,0,22.2,0.5,1,0.2,30,5.5,0,0,0,22.8,0.5,1,0.2,30
483,1.5,0,0,0,1,0.5,0,0,3,1.5,0,0,0,1,0.5,0,0,3
483,0.25,0.25,0,0,1.5,0,1,0,3,0.25,0,0,0.25,1.5,0,1,0,3
483,0,0,0,0,2,0,0,0,2,0,0,0,0,2,0,0,0,2
483,0,0.5,0,0,2,0.5,0,0,3,0,0.5,0,0,2,0.5,0,0,3
483,0,0,0,0,2.5,0.5,0,0,3,0,0,0,0,2.5,0.5,0,0,3
483,0,0,0,0,0,0,0,0.5,0.5,0,0,0,0,0,0,0,0.5,0.5
483,0,0,0,0,1.5,0.5,0,0,2,0,0,0,0,1.5,0.5,0,0,2
483,0,0,0,0,0.9,0,0,0,0.9,0,0,0,0,0.9,0,0,0,0.9
483,0,0,0,0,3,0,0,0,3,0,0,0,0,3,0,0,0,3
484,0.25,0.325,0.6521,0,0.75,0,0,0.0229,2,0,0,0,0,0,2,0,0,2
484,1,0,0,0,1.7266,0,1,0.13,3.8566,1,0,0,0,1.7266,0,1,0.13,3.8566
484,0.0475,0,0,0.047,0,0,0,0,0.0945,0,0,0,0.0945,0,0,0,0,0.0945
485,0.25,0,0.1,0,17.8912,0,0,0.007,18.2482,0.25,0,0,0,17.9912,0,0,0.007,18.2482
485,0,0,0,0,21.5907,0,0,0.0084,21.5991,0,0,0,0,21.5907,0,0,0.0084,21.5991
485,0,0,0,0,0.4794,0,0,0,0.4794,0,0,0,0,0.4794,0,0,0,0.4794
486,0.05,0.458,0.03,0,0,0,0,0.0096,0.5476,0,0,0,0,0,0,0.5476,0,0.5476
487,1.485,0,0,0,1,0,0,0.515,3,0,0,0,0,2.485,0,0,0.515,3
487,0,0,0,0,10.91,0,0,0.09,11,0,0,0,0,0,0,0,0.09,0.09
488,0,0,0.0972,0,0,0,0,0,0.0972,0,0,0,0.0972,0,0,0,0,0.0972
489,1.3299,0.01,0.0782,0,0,0,0,0.1393,1.5574,11.3299,0,0.17,0,0,0,0,0.0571,11.557
489,1,0,0,0,0,0,0,0,1,1,0,0,0,0,0,0,0,1
490,4.54,0,0,0,5.46,0,0,0.5,10.5,4.54,0,0,0,5.46,0,0,0.5,10.5
491,0,0.015,0,0,0,0,0.1832,0.02,0.2182,0,0,0,0,0,0,0.1982,0.02,0.2182
491,0.5159,0,0,0,0,0,0,0,0.5159,0.5159,0,0,0,0,0,0,0,0.5159
492,6.75,0,0,0,13.25,0,1.5,0.5,22,6.75,0,0,0,13.25,0,1.5,0.5,22
492,0,0,0,0,0,0,0.1,0,0.1,0,0,0,0,0,0,0.1,0,0.1
493,1,0.225,0.1162,0,0,0,0.6488,0.01,2,1,0.225,0.1162,0,0,0,0.6488,0.01,2
493,0,0.75,0.125,0,0,0,1.125,0,2,0,0.75,0.125,0,0,0,1.125,0,2
493,0,0,0,0,0,0,0.1,0,0.1,0,0,0,0,0,0,0.01,0,0.01
494,0,0,0,0,2.5,0,0,1.5,4,0,0,0,0,2.5,0,0,1.5,4
494,0,0,0,0,1,0,0,0,1,0,0,0,0,1,0,0,0,1
495,0,0,0,0,0,0,1,0,1,0,0,0,0,0,0,1,0,1
495,0,0,0.75,0,0,0.24,0,0.01,1,0,0,0.5,0.25,0,0.24,0,0.01,1
495,0,0,0.25,0,0,0.75,0,0,1,0,0,0.25,0,0,0.75,0,0,1
496,0,0,0,0,44.896,0,0,0,44.896,0,0,0,0,44.896,0,0,0,44.896
496,0,0,0,0,4.2151,0,0,0,4.2151,0,0,0,0,4.2151,0,0,0,4.2151
496,0,0,0,0,3.1781,0,0,0,3.1781,0,0,0,0,3.1781,0,0,0,3.1781
496,0,0,0,0,24.0367,0,0,0,24.0367,0,0,0,0,24.0367,0,0,0,24.0367
496,2.5,0,0,0,42.276,0,0,0.5,45.276,0,0,0,0,44.776,0,0,0.5,45.276
496,0,0,0,0,16.4553,0,0,0,16.4553,0,0,0,0,16.4553,0,0,0,16.4553
497,0.25,1.092,0,0,52.9436,0,0,1.9,56.1856,0.25,0,0,0,54.0356,0,0,1.9,56.1856
498,2,0.3,0.25,0,0,0,2.7166,0.056,5.3226,2,0.5,0,0,0,0,2.5666,0.256,5.3226
498,0,0,0.1,0,0,0,0,0,0.1,0,0,0,0,0,0,0.1,0,0.1
499,0,0.0965,0,0,0,0,0,0.0735,0.17,0,0.0965,0,0,0,0,0,0.0735,0.17
500,0.1,0.005,0,0,8.0898,0,2,0.0688,10.2636,0.1,0.005,0,0,8.0898,0,2,0.0688,10.2636
501,0,0,0.1,0.145,0.25,0,0,0.005,0.5,0,0,0,0,0.5,0,0,0,0.5
502,1,0,0,0,0,0,0,0.129,1.129,1,0,0,0,0,0,0,0.129,1.129
503,0.5,0.0288,0,0,1.5337,0,0,0.003,2.0655,0.5,0.0144,0,0.0144,1.5337,0,0,0.003,2.0655
504,0.8,0,0,0,0,0,0,0.2,1,0.8,0,0,0,0,0,0,0.2,1
504,0,0.85,0.05,0,0,0,0,0.1,1,0,0.9,0,0,0,0,0,0.1,1
505,0.95,0.03,0,0,0,0,0,0.02,1,0.95,0.03,0,0,0,0,0,0.02,1
506,0.04,0,0,0,0,0,0.1184,0,0.1584,0.04,0,0,0,0,0,0.1184,0,0.1584
507,0.0225,0.0225,0,0,0,0,0.0705,0.0143,0.1298,0.0225,0.0225,0,0,0,0,0.0705,0.0143,0.1298
508,1.4454,0.07,0,0,0,0,0,0.0355,1.5509,1.4454,0.07,0,0,0,0,0,0.0355,1.5509
508,0,0,0,0,0,0,0,0.0305,0.0305,0,0,0,0,0,0,0,0.0305,0.0305
508,0,0,0,0,0,0,0,0.05,0.05,0,0,0,0,0,0,0,0.05,0.05
509,0,0.12,0.05,0,0,0,0.23,0.04,0.44,0.12,0,0.05,0,0,0,0.23,0.04,0.44
510,0,0,0,0,37.8231,0,0,0.06,37.8831,0,0,0,0,37.8231,0,0,0.06,37.8831
510,0,0,0,0,67.3437,0,0,0.07,67.4137,0,0,0,0,67.3437,0,0,0.07,67.4137
511,0,0.01,0,0,0,0,0.2334,0.0066,0.25,0,0.01,0,0,0,0,0.2334,0.0066,0.25
512,0,0.01,0,0,0,0,1.76,0.03,1.8,0,0.01,0,0,0,0,1.76,0.03,1.8
513,0.25,0.5,0,0,0,0,0.23,0.02,1,0,0.5,0,0,0,0,0.48,0.02,1
513,0.25,0.7075,0,0,0,0,0.0425,0,1,0,0.21,0,0,0,0,0.79,0,1
514,1,0,0,0,0,0.05,0.01,0.94,2,1,0,0,0,0,0.05,0.01,0.94,2
514,0,0,0,0,4,1,0,0,5,0,0,0,0,4,1,0,0,5
514,0,0,0,0,4,1,0,0,5,0,0,0,0,4,1,0,0,5
514,0,0,0,0,4,1,0,0,5,0,0,0,0,4,1,0,0,5
515,0,0,0,0,4,0,0,0,4,0,0,0,0,4,0,0,0,4
516,2,0,0,0,30,0,11,0,43,2,0,0,0,30,0,11,0,43
516,0,0,0,0,25,0,0,0,25,0,0,0,0,25,0,0,0,25
516,0,0,0,0.496,0,0,0,0,0.496,0,0,0,0.496,0,0,0,0,0.496
517,0.25,0,0,0,0,0,0.55,0.16,0.96,0,0.96,0,0,0,0,0,0,0.96
518,0,0,0.01,0,25,0,13.5142,0.25,38.7742,0,0.01,0,0,25,0,13.5142,0.25,38.7742
519,0,0.04,0,0,0,0,0,0.46,0.5,0,0,0,0,0,0,0,0.5,0.5
520,2,0,0,0,0,0,1,1,4,2,0,0,0,0,0,1,1,4
521,0.1,0,0,0,0,0,0.53,0,0.63,0.315,0.315,0,0,0,0,0,0,0.63
521,0.1,0,0,0,0,0,0.16,0,0.26,0,0.26,0,0,0,0,0,0,0.26
521,0,0.46,0,0,0,0,0.46,0,0.92,0,0,0,0,0,0,0.92,0,0.92
522,0,0.03,0.7,0,0,0,0,0.27,1,0,0,0,0,0,0,1,0,1
522,0.5,0,0,0,0,0,0,0,0.5,0.5,0,0,0,0,0,0,0,0.5
522,0,0.3,1,0.7,0,0,0,0,2,0,0,0,0,0,0,2,0,2
522,0,0.2,0,0,0,0,0,0,0.2,0,0.2,0,0,0,0,0,0,0.2
523,0,0,0,0,0,0,0,0.045,0.045,0,0,0,0,0,0,0,0.045,0.045
524,0,0,0,0,0,0,0,0.1,0.1,0,0,0,0,0,0,0,0.1,0.1
525,0.75,0.2,0,0,0,0,0.09,0,1.04,0.75,0.2,0,0,0,0,0.09,0,1.04
526,0,0,0,0,0,0,11.9976,0.0024,12,0,0,0,0,0,0,11.9976,0.0024,12
527,2.5,0,0.25,8,13,1.75,6.4,2.5,34.4,2.5,0.25,0,8,13,1.75,6.4,2.5,34.4
528,5,0,0,0,0,0,0,0,5,5,0,0,0,0,0,0,0,5
529,0.5,0,1,0,0,0,2.48,0.02,4,0.5,0,0,0,0,0,3.48,0.02,4
530,4,0,0,0,0,0,2,0,6,4,0,0,0,0,0,2,0,6
530,0,0,0,0,0,0,1,0,1,0,0,0,0,0,0,1,0,1
531,0,0,0,0,0,0,0,2.7,2.7,0,0,0,0,0,0,0,2.7,2.7
531,1,0,0,0,0,0,7,0,8,1,0,0,0,0,0,7,0,8
532,5,2,0,0,5.75,0,0,0.25,13,5,0,0,0,7.75,0,0,0.25,13
533,7,0,2,0,177.5,0,40,1.5,228,7,2,0,0,177.5,0,40,1.5,228
534,7,0,0,0,28,0,2.99,0.01,38,7,0,0,0,28,0,2.99,0.01,38
535,0.105,0.01,0,0,0,0,0,0.035,0.15,0.105,0.01,0,0,0,0,0,0.035,0.15
536,0.5,0,0.06,0.25,0,0,0.09,0.1,1,0.5,0,0.06,0.25,0,0,0.09,0.1,1
537,3,0,0,0,5,0,1.97,0.03,10,3,0,0,0,5,0,1.97,0.03,10
537,0,0,0,0,9,0,8,0,17,0,0,0,0,9,0,8,0,17
538,0,0,0,0,1.5,0,1,1.315,3.815,0,0,0,0,1.5,0,1,1.315,3.815
538,0,0,0,0,0,0,0.045,0,0.045,0,0,0,0,0,0,0.045,0,0.045
539,0.75,0,0,0,0,0,5.2357,0.0143,6,0.75,0,0,0,0,0,5.2357,0.0143,6
539,0,0,0,0,0,0,1.8,0,1.8,0,0,0,0,0,0,1.8,0,1.8
540,0,0,0,0,0,0,2,0,2,0,0,0,0,0,0,2,0,2
540,2,0,0,0,0,0,1.94,0.06,4,2,0,0,0,0,0,1.94,0.06,4
540,0,0,0,0,0,0,0,0.2287,0.2287,0,0,0,0,0,0,0,0.2278,0.2278
541,0.015,0,0,0,97.975,0,0,0.01,98,0.015,0,0,0,97.975,0,0,0.01,98
542,0.5,0.025,0,0,12,0,0,0.475,13,0.5,0.025,0,0,12,0,0,0.475,13
542,0,0,0,0,40,0,0,0,40,0,0,0,0,40,0,0,0,40
543,1,0,0,0,5,0,0.2024,0,6.2024,1,0,0,0,5,0,0,0,6
543,1,0,0,0,0,0,0,0,1,1,0,0,0,0,0,0,0,1
543,4.3,0.7,0,0,48.5,0,1.476,0.024,55,4.3,0.7,0,0,48.5,0,1.5,0,55
543,0,0,0,0,0.09,0,0,0,0.09,0,0,0,0,0.09,0,0,0,0.09
543,0,0,0,0,32,0,0.5041,0,32.5041,0,0,0,0,32,0,0,0,32
543,0,0,0,0,0.09,0,0,0,0.09,0,0,0,0,0.09,0,0,0,0.09
543,0,0,0,0,10,0,0,0,10,0,0,0,0,10,0,0,0,10
543,0,0,0,0,4,0,0,0,4,0,0,0,0,4,0,0,0,4
544,0.55,0.15,0,0,0,0,0,0,0.7,0.55,0.15,0,0,0,0,0,0,0.7
545,0,0,0,0,0,0,0,0.25,0.25,0,0,0,0,0,0,0,0.25,0.25
546,2.5,0.25,0,0,63.08,0,0,0.17,66,2.5,0.25,0,0,63.08,0,0,0.17,66
547,1.5,0,0,0,1.8761,0,0,0.012,3.3881,0.5,0,0,0,2.8881,0,0,0,3.3881
547,0.2814,0,0,0,0,0,0,0,0.2814,0.2814,0,0,0,0,0,0,0,0.2814
548,0.045,0,0,0.355,1,0,0,0.1,1.5,0.045,0,0,0.355,1,0,0,0.1,1.5
548,2.9575,0.05,0,0,13.3817,0,0,0.05,16.4392,2.9575,0.05,0,0,13.3817,0,0,0.05,16.4392
549,0.5,0,0,0,1.1164,0,0,0,1.6164,0.5,0,0,0,1.1164,0,0,0,1.6164
550,1,0,0,0,25.8263,0,0,0.03,26.8563,1,0,0,0,25.8263,0,0,0.03,26.8563
550,0.5,0,0,0,0,0,4.5915,0,5.0915,0.5,0,0,0,0,0,4.5915,0,5.0915
551,2,0,0,1.5,28,0,0,0.5,32,2,0,0,1.5,28,0,0,0.5,32
552,0,0,0,0,67.99,0,10,0.01,78,0,0,0,0,67.99,0,10,0.01,78
553,0,0,0,0,85.97,0,0,0.03,86,0,0,0,0,85.97,0,0,0.03,86
554,0,0,0,0,0,0,0,0.2997,0.2997,0,0,0,0,0,0,0,0.2997,0.2997
554,0,0,0,2.4255,0,0,0,0.09,2.5155,0,0,0,2.4255,0,0,0,0.09,2.5155
554,3,0,0,0,31,0,0,1.9899,35.9899,3,0,0,0,31,0,0,1.9899,35.9899
554,0,0,0,0,0,0,3.894,0,3.894,0,0,0,0,0,0,3.894,0,3.894
555,1,0,0,0,0,0,3.564,0.15,4.714,0,0,0,0,0,0,4.561,0.15,4.711
555,0,0,0,0,0,0,1.0922,0,1.0922,0,0,0,0,0,0,1.0922,0,1.0922
555,0,0,0,0,0.1086,0,0,0,0.1086,0,0,0,0,0.1086,0,0,0,0.1086
555,3,0,0,0,0,0,2.6066,0.12,5.7266,3,0,0,0,0,0,2.6066,0.12,5.7266
556,0.25,0.25,0,0,15.0137,0,1,1.5,18.0137,0.25,0.25,0,0,15.0137,0,1,1.5,18.0137
557,0.5,0.41,0,0,27.086,0,0,2.004,30,0.5,0.41,0,0,29.086,0,0,0.004,30
558,0,0,1,0,0,0,0,0,1,0,0,0,0,0,0,1,0,1
559,0.1,0.125,0,0,0,0,0.775,0,1,0.1,0.125,0,0,0,0,0.775,0,1
560,1.032,0.249,0.1616,0,15,0,0,1.5574,18,1.282,0.1606,0,0,15,0,0,1.5574,18
561,1,0.5,0.5,0,0,0,0,0,2,1,0.5,0.5,0,0,0,0,0,2
562,0.045,0.01,0,0,0,0,190.4374,5,195.4924,0,0,0,0,0,0,190.4924,5,195.4924
563,0,0,0,0,0,0,0,0.1834,0.1834,0,0,0,0,0,0,0,0.1834,0.1834
564,0,0,0,0,5,10,20.8054,0.04,35.8454,0,0,0,0,5,10,20.8054,0.04,35.8454
565,0.5,0,0,3,35.38,0,1,0.12,40,3.5,0,0,0,35.38,0,1,0.12,40
566,0,0,0,0,5,0,0,0,5,0,0,0,0,5,0,0,0,5
566,2,0,0,0,0,0,0,0,2,2,0,0,0,0,0,0,0,2
566,2,0,0,0,0,0,0,0,2,2,0,0,0,0,0,0,0,2
566,0.5,0.27,0,0,0,0,0.23,0,1,0,0,0,0,0,0,1,0,1
566,1.5,0.5,0,6.5,51,0,14,4,77.5,1.5,0,0.5,6.5,51,0,14,4,77.5
566,0,0,0,0,1,0,0,0,1,0,0,0,0,1,0,0,0,1
566,0,0,0,0,2,0,0,0,2,0,0,0,0,2,0,0,0,2
567,2,0,0,0,0.6535,0,0,0,2.6535,2,0,0,0,0.6535,0,0,0,2.6535
567,0,0,0,0,1.0555,0,0,0,1.0555,0,0,0,0,1.0555,0,0,0,1.0555
567,0,0,0,0,0.0335,0,0,0,0.0335,0,0,0,0,0.0335,0,0,0,0.0335
567,0,0,0,0,0.1068,0,0,0,0.1068,0,0,0,0,0.1068,0,0,0,0.1068
567,1.0593,0,0,0,0,0,0,0,1.0593,1.0593,0,0,0,0,0,0,0,1.0593
567,0,0,0,0,0,0,0,0.366,0.366,0,0,0,0,0,0,0,0.366,0.366
568,6,0,0,0,100,0,123.3493,1,230.3493,6,0,0,0,100,0,123.3493,1,230.3493
569,0,0,0,0,17.5918,0,1,0.5,19.0918,0,0,0,0,17.5918,0,1,0.5,19.0918
569,0,0,0,0,39.8,0,10,0.2,50,0,0,0,0,39.8,0,10,0.2,50
570,0,0,0,0,28,0,0,0,28,0,0,0,0,28,0,0,0,28
570,0.5,0,0,2,97.25,0,0,0.25,100,0.5,0,0,2,97.25,0,0,0.25,100
571,0,0,0,0,28.1619,0,10,0.02,38.1819,0,0,0,0,28.1619,0,10,0.02,38.1819
571,0,0,0,0,3,0,0,0,3,0,0,0,0,3,0,0,0,3
572,0,0,0,0,31.49685,20,11.49685,0.0448,63.0385,0,0,0,0,31.49685,20,11.49685,0.0448,63.0385
573,0,0.3447,0,0,6.8789,0,0,0.04,7.2636,0,0.3447,0,0,6.8789,0,0,0.04,7.2636
574,0,0,0,10,109.5,0,0,6.5,126,0,0,0,10,109.5,0,0,6.5,126
575,0.1,0,0,0,0,0,0,0.3,0.4,0.119,0,0,0,0,0,0,0.281,0.4
576,0.69,0,0,0,0,0,0,0.31,1,0.69,0,0,0,0,0,0,0.31,1
577,0.5,0.01,0,0,26.99,0,0,0.5,28,0.5,0.01,0,0,26.99,0,0,0.5,28
578,3.5,0,0,0,0,0,0,1.5,5,3.5,0,0,0,0,0,0,1.5,5
579,0,0,0,0,5.965,0,0.02,0.015,6,0,0,0,0,5.965,0,0.02,0.015,6
580,4.68,0,0,0,0,0,0,0,4.68,4.68,0,0,0,0,0,0,0,4.68
581,0,0,0,0,0,0,0,0.06,0.06,0,0,0,0,0,0,0,0.06,0.06
581,1,0.5,0,0,0,0,0,0,1.5,1,0.5,0,0,0,0,0,0,1.5
582,0,0.01,0,0,53.3149,0,8,0.5,61.8249,0,0.01,0,0,53.3149,0,8,0.5,61.8249
583,0,0,0,0,48.5881,0,0,0.01,48.5981,0,0,0,0,48.5881,0,0,0.01,48.5981
584,0,0.175,0.825,0,0,0,0,0,1,0,0,0,0,1,0,0,0,1
584,0,0,0,0,0,0,0,0.056,0.056,0,0,0,0,0,0,0,0.056,0.056
584,0,0,0.5,0.5,0,0,0.9068,0,1.9068,0,0.5,0,0,0,0,1.4068,0,1.9068
585,1,0,0.2,0,82.8,0,0,2,86,1,0.2,0,0,82.8,0,0,2,86
586,1,0,0,0,13.91,0,1,0.09,16,1,0,0,0,13.91,0,1,0.09,16
587,0,0.09,0,0,57.81,0,5,0.1,63,0,0,0,0,57.81,0,5,0.19,63
588,0,0,0,0,54.6,0,0,1.4,56,0,0,0,0,54.6,0,0,1.4,56
588,0,0,0,0,1.57,0,0,0,1.57,0,0,0,0,1.57,0,0,0,1.57
588,0,0,0,0,0.26,0,0,0,0.26,0,0,0,0,0.26,0,0,0,0.26
589,2,0,0,0,86.5,0,0,0.5,89,2,0,0,0,86.5,0,0,0.5,89
590,1.5,0,0,6.49,0,0,0,0.01,8,1.5,0,0,6.49,0,0,0,0.01,8
591,0.5,0,0,0,16.5,0,0,0,17,0.5,0,0,0,16.5,0,0,0,17
591,0,0,0,0,17,0,0,0,17,0,0,0,0,17,0,0,0,17
591,1.5,0,0,0,15.5,0,0,0,17,1.5,0,0,0,15.5,0,0,0,17
591,0.5,0,0,0,16.5,0,0,0,17,0.5,0,0,0,16.5,0,0,0,17
591,0,0,0,0,17,0,0,0,17,0,0,0,0,17,0,0,0,17
591,0,0,0,0,24,0,0,0,24,0,0,0,0,24,0,0,0,24
592,0.5,0.5,0,0,8.5,0,0,0.5,10,0.5,0.5,0,0,8.5,0,0,0.5,10
592,0,0,0,0,0,0,0.37,0,0.37,0,0,0,0,0,0,0.37,0,0.37
592,0,0,0,0,0,0,0.43,0,0.43,0,0,0,0,0,0,0.43,0,0.43
592,0,0,0,0,0,0,1.28,0,1.28,0,0,0,0,0,0,1.28,0,1.28
592,0,0,0,0,0,0,1.41,0,1.41,0,0,0,0,0,0,1.41,0,1.41
592,0,0,0,0,0,0,2.49,0,2.49,0,0,0,0,0,0,2.49,0,2.49
593,0.1,0,0,0,0,0,0,0.22,0.32,0.1,0,0,0,0,0,0,0.22,0.32
594,0.5,0.02,0,0,49.12,0,0,0.06,49.7,0.5,0.02,0,0,49.12,0,0,0.06,49.7
594,0.06,0.51,0.23,0,0,0,0.2,0,1,0.06,0.71,0,0,0,0,0.23,0,1
595,0,0,0,0,0,1,0,0,1,0,0,0,0,0,1,0,0,1
595,0,0,0,0,4.98,0,0,0.02,5,0,0,0,0,4.98,0,0,0.02,5
595,0,0,0,0,0,0.09,0,0,0.09,0,0,0,0,0,0.09,0,0,0.09
596,3,0,0,0,50,0,0,7,60,3,0,0,0,50,0,0,7,60
596,0.09,0,0,0,0,0,0,0,0.09,0.09,0,0,0,0,0,0,0,0.09
597,0,0,0,0,29.75,0,4.7,0.25,34.7,0,0,0,0,30,0,4.7,0,34.7
597,0,0,0,0,0,0,0.09,0,0.09,0,0,0,0,0,0,0.09,0,0.09
598,0.1,0.01,0.01,0.5,0,0,0.36,0.02,1,0.5,0.3,0,0,0,0,0.2,0,1
599,2,0,1,0,0,0,2,0,5,0,1,0,0,0,0,4,0,5
600,0,0,0,0,12,0,0,0,12,0,0,0,0,12,0,0,0,12
600,1.25,0.01,0,0,0,0,0.09,0.65,2,1.25,0.01,0,0,0,0,0.09,0.65,2
601,0.5,0,0,0,0,0,2,0.5,3,0.5,0,0,0,0,0,2,0.5,3
601,0,0,0,0,4.5,0,0,0.5,5,0,0,0,0,4.5,0,0,0.5,5
602,0,0,0,0,135,0,0,0,135,0,0,0,0,135,0,0,0,135
602,0,0,0,0,26,0,0,0,26,0,0,0,0,26,0,0,0,26
602,0,0,0,0,148,0,0,0,148,0,0,0,0,148,0,0,0,148
602,0,0,0,0,45,0,0,0,45,0,0,0,0,45,0,0,0,45
603,3,0.5,1.5,2,8,0,0,0,15,0,0,4,1,9,0,1,0,15
604,0,0,0,0,74.98,0,0,0.02,75,0,0,0,0,74.98,0,0,0.02,75
605,0,0,0,0,25,22.75,0,0.25,48,0,0,0,0,15,10,23,0,48
606,0,0,0,0,180,0,30,38.87,248.87,0,0,0,0,180,0,30,38.87,248.87
607,0,0,0,0,0,0,30.5,0.5,31,0,0,0,0,0,0,30.5,0.5,31
608,0.25,0,0,0,41.71,0,0,0.04,42,0.25,0,0,0,41.71,0,0,0.04,42
609,0,0,0,0,66.5,10,0,0.5,77,0,0,0,0,66.5,10,0,0.5,77
610,1,0,0,0,70.7,0,144,1,216.7,1,0,0,0,70.7,0,144,1,216.7
611,2.3,0,0,0.01,4,0,5.47,0.22,12,2.3,0.01,0,0,4,0,5.47,0.22,12
612,9,0.02,0,0,16.4011,10,26.4011,2,63.8222,9,0.02,0,0,20.4011,6,26.4011,2,63.8222
613,0.12,0,0.01,0.02,0,0,0.09,0.02,0.26,0.12,0.01,0,0,0,0.02,0.09,0.02,0.26
614,3,0,0,0,0,0,8.59,0.01,11.6,3,0,0,0,0,0,8.59,0.01,11.6
615,0,0,0,0,0,0,8.75,0.25,9,0,0,0,0,0,0,8.75,0.25,9
615,0,0,0,0,0,0,3.9238,0,3.9238,0,0,0,0,0,0,3.9238,0,3.9238
615,0,0,0,0,0,0,4.0115,0,4.0115,0,0,0,0,0,0,4.0115,0,4.0115
616,0,0,0,0,0,0,2,1,3,0,0,0,0,0,0,2,1,3
616,0,0,0,0,0,0,2,1,3,0,0,0,0,0,0,2,1,3
617,0.6,0.1,0,0,0.1,0,0.2,0,1,0.6,0.1,0,0,0.1,0,0.2,0,1
618,0.9581,0,0,0,0,0,0,2.0354,2.9935,0.9581,0,0,0,0,0,0,2.0354,2.9935
619,1.25,0.75,0,0,3,0,3.5,0.1794,8.6794,1.25,0.75,0,0,3,0,3.5,0.1794,8.6794
619,0,0,0,0,0.5,0,1.6537,0,2.1537,0,0,0,0,0.5,0,1.6537,0,2.1537
620,0.5,0,0.1196,0,0,0,7.8483,0.0975,8.5654,0.5,0.1196,0,0,0,0,7.8483,0.0975,8.5654
621,0.18,0.01,0,0,0,0,1,1.4871,2.6771,0.18,0.01,0,0,0,0,1,1.4871,2.6771
621,0,0,0,0,0,0,3.3921,0,3.3921,0,0,0,0,0,0,3.3921,0,3.3921
622,1.25,0.2328,0.365,0,1.75,0,0,1.3552,4.953,1.25,0.4978,0.1,0,1.75,0,0,1.3552,4.953
622,0,0,0,0,2,1.7205,1,0,4.7205,0,0,0,0,2,1.7205,1,0,4.7205
623,0,0,0,0,2,0,1.4589,0.5,3.9589,0,0,0,0,2,0,1.4589,0.5,3.9589
623,0,0,0,0,4.0222,0,0,0,4.0222,0,0,0,0,4.0222,0,0,0,4.0222
623,0,0,0,0,37,0,4,0.2552,41.2552,0,0,0,0,37,0,4,0.2552,41.2552
623,2.4112,0.29,0,0,0,0,5.0933,0,7.7945,2.4112,0,0,0,0,0,5.3833,0,7.7945
623,0,0,0,0,8.2651,0,0,0,8.2651,0,0,0,0,8.2651,0,0,0,8.2651
624,0,0,0,0,7.40315,0,0,0.09645,7.4996,0,0,0,0,7.40315,0,0,0.09645,7.4996
625,0,0,0,0,3.7833,0,0,0,3.7833,0,0,0,0,3.7833,0,0,0,3.7833
625,0.25,0.29,0,0,17.5,0,2,0.1717,20.2117,1,0,0,0,17.5,0,1.54,0.1717,20.2117
625,0,0,0,0,4.62315,0,0,0.00375,4.6269,0,0,0,0,4.62315,0,0,0.00375,4.6269
625,0,0,0,0,9.2964,0,2,0.0036,11.3,0,0,0,0,9.2964,0,2,0.0036,11.3
625,2,0,0,0,0,0,2.8923,0.5,5.3923,2,0,0,0,0,0,2.8923,0.5,5.3923
625,0,0,0,0,22.2927,2,4,0,28.2927,0,0,0,0,22.2927,2,4,0,28.2927
626,0,0,0,0,16,0,0,0.0343,16.0343,0,0,0,0,16,0,0,0.0343,16.0343
626,1,0.0046,0.0002,0,0.7426,0,0,0.3142,2.0616,1,0,0,0,0.7426,0,0,0.319,2.0616
626,0,0,0,0,1.8818,0,0,0,1.8818,0,0,0,0,1.8818,0,0,0,1.8818
626,0,0,0,0,17.9927,0,3,0.0308,21.0235,0,0,0,0,17.9927,0,3,0.0308,21.0235
626,0,0,0,0,5.0173,0,0,0.003,5.0203,0,0,0,0,5.0173,0,0,0.003,5.0203
627,0,0,0,0,0,0,0.1719,0.5325,0.7044,0,0,0,0,0,0,0.1719,0.5325,0.7044
627,0,0,0,0,18.4121,0,2,0.16,20.5721,0,0,0,0,18.4121,0,2,0.16,20.5721
627,1,0,0,0,7.4634,0,0,0.0012,8.4646,1,0,0,0,7.4634,0,0,0.0012,8.4646
628,0.7056,0.6053,0,0,7,4,4,0.2011,16.512,0.7056,0,0,0,3,6,5,1.8064,16.512
628,0,0,0,0,0,0,0.2984,0,0.2984,0,0,0,0,0,0,0.2984,0,0.2984
629,0,0,0,0,0,0,0.1941,0.0092,0.2033,0,0,0,0,0,0,0.1941,0.0092,0.2033
629,0.1875,0.0625,0,0,2.9466,0,0,0,3.1966,0,0,0,0,3.1966,0,0,0,3.1966
629,0,0,0,0,1.5699,0,0,0,1.5699,0,0,0,0,1.5699,0,0,0,1.5699
630,0.75,0,0,0,21.583,0,0,1.423,23.756,0.75,0,0,0,21.583,0,0,1.423,23.756
631,1.505,0.01,0,0,2.5,2,5,0.365,11.38,1.5,0,0,0,2.5,2,5,0.38,11.38
632,1.5,1.5,0,0,50.9139,3,9,1.0358,66.9497,1.5,1.5,0,0,50.9139,3,9,1.0358,66.9497
632,0,0,0,0,8.214,0,0,0,8.214,0,0,0,0,8.214,0,0,0,8.214
632,0,0,0,0,0,0,9.8326,0,9.8326,0,0,0,0,0,0,9.8326,0,9.8326
632,0,0,0,0,0,0,0.6869,0,0.6869,0,0,0,0,0,0,0.6869,0,0.6869
633,0.5,0,0,0,17,0,6,1.5718,25.0718,0.5,0,0,0,17,0,6,1.5718,25.0718
634,0,0,0,0,45.4878,4,0,0,49.4878,0,0,0,0,45.4878,4,0,0,49.4878
634,1,0,0,0,24.9307,4,0,0.5095,30.4402,1,0,0,0,24.9307,4,0,0.5095,30.4402
635,0.25,0,0,0,8.4926,0,4,2.0016,14.7442,0.25,0,0,0,8.4926,0,4,2.0016,14.7442
635,0,0,0,0,50,0,54.2918,0,104.2918,0,0,0,0,30,0,74.2918,0,104.2918
636,0,0,0,0,38.1316,0,16,0.0042,54.1358,0,0,0,0,38.1316,0,16,0.0042,54.1358
636,0,0,0,0,27.3595,0,0,0,27.3595,0,0,0,0,27.3595,0,0,0,27.3595
637,1,0,0,0,15.5913,0,0,0.0212,16.6125,1,0,0,0,15.5913,0,0,0.0212,16.6125
637,0,0,0,0,0,0,4,0,4,0,0,0,0,0,0,4,0,4
638,0.75,0.34,0,0,0,0,2.7311,0,3.8211,0.75,0,0,0,0,0,3.0711,0,3.8211
639,1,0.25,0.25,0,0,0,0,0,1.5,1,0.5,0,0,0,0,0,0,1.5
640,0,0,0,0,9.5,0,7,0.2903,16.7903,0,0,0,0,9.5,0,7,0.2903,16.7903
640,0,0,0,0,4,0,2.5141,0,6.5141,0,0,0,0,4,0,2.5141,0,6.5141
641,1,0.12,0,0,23.5356,0,0,0.588,25.2436,1,0.12,0,0,23.5356,0,0,0.588,25.2436
641,0,0,0,0,11.3,0,0,0,11.3,0,0,0,0,11.3,0,0,0,11.3
641,0,0,0,0,11.3,0,0,0,11.3,0,0,0,0,11.3,0,0,0,11.3
642,1,0,0,0,26,0,4.5,0.5704,32.0704,1,0,0,0,26,0,4.5,0.5704,32.0704
642,0,0,0,0,9.5719,0,0.5,0,10.0719,0,0,0,0,9.5719,0,0.5,0,10.0719
642,0,0,0,0,3.9466,0,0,0,3.9466,0,0,0,0,3.9466,0,0,0,3.9466
642,0.5,0,0,0,0.5477,0,0,0,1.0477,0.5,0,0,0,0.5477,0,0,0,1.0477
642,0,0,0,0,3,0,0,0,3,0,0,0,0,3,0,0,0,3
642,0,0,0,0,3.7933,0,0,0,3.7933,0,0,0,0,3.7933,0,0,0,3.7933
642,0,0,0,0,3.7933,0,0,0,3.7933,0,0,0,0,3.7933,0,0,0,3.7933
643,0.5,0.5,0,0,6.3291,0,0,0.0029,7.332,0.5,0,0,0,6.332,0,0.5,0,7.332
644,0.75,0.25,0,0,25,6,15,0.8106,47.8106,0.5,0,0,0,25,6,15.5,0.8106,47.8106
644,0,0,0,0,6.7504,0,0,0,6.7504,0,0,0,0,6.7504,0,0,0,6.7504
645,0.5,0,0,0,20,2,4,0.5458,27.0458,0.5,0,0,0,20,2,4,0.5458,27.0458
646,0,0,0,0,7.0373,0,0,0,7.0373,0,0,0,0,7.0373,0,0,0,7.0373
647,0,0,0,0,5.1762,0,0,0,5.1762,0,0,0,0,5.1762,0,0,0,5.1762
648,0.25,0,0,0,0,0,2,0.199,2.449,0.25,0,0,0,0,0,2,0.199,2.449
648,0.7468,0,0,0,0,0,0,0,0.7468,0.2468,0,0,0,0,0,0.5,0,0.7468
649,1.04,0.16,0,0,0,0,0.4722,0.6562,2.3284,1.04,0.16,0,0,0,0,0.4722,0.6562,2.3284
650,0,0,0,0,3,1,4,0.2098,8.2098,0,0,0,0,3,1,4,0.2098,8.2098
650,0.6,0,0,0,2,0,1.2165,0.25,4.0665,0.6,0,0,0,2,0,1.2165,0.25,4.0665
651,1,0.25,0,0,0,0,0.7002,0.02,1.9702,1,0,0,0,0,0,0.9502,0.02,1.9702
652,1.25,0,0,0,22,0,4.5,0.2753,28.0253,1.25,0,0,0,22,0,4.5,0.2753,28.0253
653,0,0,0,0,20.9663,0,0,0.0012,20.9675,0,0,0,0,20.9663,0,0,0.0012,20.9675
653,1,0,0,0,0,0,0.5,0.9162,2.4162,1,0,0,0,0,0,0.5,0.9162,2.4162
653,1.545,0.198,0,0,0,0,0.6039,0.0027,2.3496,1.545,0.198,0,0,0,0,0.6039,0.0027,2.3496
654,0,0,0,0,131.6245,15,15,0.0534,161.6779,0,0,0,0,131.6245,15,15,0.0534,161.6779
655,0.006,0.1304,0,0,0,0,1.756,0.1076,2,0,0,0,0,0,0,2,0,2
656,1,0,0,0,3,0,18.909,0.0116,22.9206,1,0,0,0,3,0,18.909,0.0116,22.9206
656,0,0,0,0,12,0,23.8543,0,35.8543,0,0,0,0,12,0,23.8543,0,35.8543
657,2.5,0,0,0,1.47,0,0,0.0174,3.9874,2.5,0,0,0,1.47,0,0,0.0174,3.9874
658,0.25,0,0,0,30.5,0,10,0.3674,41.1174,0,0,0,0,30.5,0,10.25,0.3674,41.1174
658,0,0,0,0,0,0,5,0,5,0,0,0,0,0,0,5,0,5
658,0,0,0,0,0,0,5,0,5,0,0,0,0,0,0,5,0,5
658,0,0,0,0,0,0,5,0,5,0,0,0,0,0,0,5,0,5
658,0,0,0,0,0,0,5,0,5,0,0,0,0,0,0,5,0,5
658,0,0,0,0,0,0,0.75,0,0.75,0,0,0,0,0,0,0.75,0,0.75
659,0.5,0.7,0,0,3,2.05,5,0.05,11.3,0.75,0.45,0,0,0,2.05,8,0.05,11.3
659,0,0,0,0,0,0,11.3,0,11.3,0,0,0,0,0,0,11.3,0,11.3
659,0,0,0,0,0,0,11.3,0,11.3,0,0,0,0,0,0,11.3,0,11.3
659,0,0,0,0,0,0,0.69,0,0.69,0,0,0,0,0,0,0.69,0,0.69
660,0.75,0.25,0,0,0,0,0,0.0599,1.0599,0.75,0,0,0,0,0,0.25,0.0599,1.0599
660,2,0,0,0,0,0,2.0852,0,4.0852,2,0,0,0,0,0,2.0852,0,4.0852
660,0,0,0,0,8,0,2.3238,0.25,10.5738,0,0,0,0,8,0,2.3238,0.25,10.5738
660,0,0,0,0,30,0,6.3124,0.125,36.4374,0,0,0,0,30,0,6.3124,0.125,36.4374
660,0,0,0,0,0.125,0,0.2559,0.2,0.5809,0,0,0,0,0.125,0,0.2559,0.2,0.5809
661,1.75,0.5002,0,0,2,0,2.1701,0.0653,6.4856,1.75,0,0,0,2,0,2.6703,0.0653,6.4856
662,0,0,0,0,0,0,0.9967,0.0033,1,0,0,0,0,0,0,0.9967,0.0033,1
662,0.25,0.01,0,0,0,0,2.6244,0,2.8844,0.25,0.01,0,0,0,0,2.6244,0,2.8844
663,1,0,0,0,2,0,0,0.162,3.162,1,0,0,0,2,0,0,0.162,3.162
663,0,0,0,0,0,0,53.1498,0,53.1498,0,0,0,0,0,0,53.1498,0,53.1498
664,0,0,0,0,0,0,0.005,0.055,0.06,0,0,0,0,0,0,0.005,0.055,0.06
665,0,0,0.2722,0.5,0,0,0.7473,0.0027,1.5222,0,0,0,0,0,0,1.5195,0.0027,1.5222
665,1.75,0,1.5,0,0,0,1.2259,0,4.4759,1.75,0,0,0,0,0,2.7259,0,4.4759
665,0,0,0,0,0,0,0,3.9461,3.9461,0,0,0,0,0,0,0,3.9461,3.9461
666,0.04,0,0,0,0,0,0,0.0333,0.0733,0.04,0,0,0,0,0,0,0.0333,0.0733
666,0.0436,0,0,0,0,0.01,0,0,0.0536,0.0436,0,0,0,0,0.01,0,0,0.0536
666,0.0327,0,0,0,0,0.01,0,0,0.0427,0.0327,0,0,0,0,0.01,0,0,0.0427
666,0.034,0,0,0,0,0,0.0006,0,0.0346,0.034,0,0,0,0,0,0.0006,0,0.0346
666,0.08,0,0,0,0,0.006,0,0,0.086,0.08,0,0,0,0,0.006,0,0,0.086
666,0,0,0,0,2,0,22.3999,0,24.3999,0,0,0,0,2,0,22.3999,0,24.3999
666,0,0,0,0,0,0,5.9202,0,5.9202,0,0,0,0,0,0,5.9202,0,5.9202
667,1.6332,0.08,0,0,0.933,0,0,0.015,2.6612,1.6462,0,0,0,0,0,1,0.015,2.6612
668,1,0,0.5,0,0,0,2.498,0.002,4,0,0,0,0,0,0,4,0,4
668,1.998,0,0,0,0,0,0,0.002,2,0,0,0,0,0,0,2,0,2
669,0,0,0,0,2,0,2.65,0,4.65,0,0,0,0,2,0,2.65,0,4.65
669,0,0,0,0,3,0,0.73,0.0083,3.7383,0,0,0,0,3,0,0.73,0.0083,3.7383
670,0,0,0,0,0,0,0,0.2114,0.2114,0,0,0,0,0,0,0,0.2114,0.2114
670,0,0.5,0,0,0,0,1.51,0,2.01,0,0.5,0,0,0,0,1.51,0,2.01
670,0,0,0,0,9.1824,0,0,0,9.1824,0,0,0,0,9.1824,0,0,0,9.1824
670,0,0,0,0,0,0,3.18,0.008,3.188,0,0,0,0,0,0,3.18,0.008,3.188
670,0,0,0,0,0,0,0.9762,0,0.9762,0,0,0,0,0,0,0.9762,0,0.9762
671,1,0,0,0.5,0.5,0,2.5208,0.2,4.7208,1,0.5,0,0,0.5,0,2.5208,0.2,4.7208
671,0,0,0,0,3,0,3.46,0.0088,6.4688,0,0,0,0,3,0,3.4688,0,6.4688
672,0,0,0,0,48,19.0871,1,0.1,68.1871,0,0,0,0,48,19.0871,1,0.1,68.1871
672,1.4054,0,0,0,0,0.104,0,0,1.5094,1.4054,0,0,0,0,0.104,0,0,1.5094
673,1.02,0,0,0,0,0,0,0.0056,1.0256,1.02,0,0,0,0,0,0,0.0056,1.0256
673,0,0,0,0,21.0797,0,0,0,21.0797,0,0,0,0,21.0797,0,0,0,21.0797
674,0.15,0,0,0,1.3766,0.0911,0.25,0,1.8677,0.15,0,0,0,1.3766,0.0911,0.25,0,1.8677
674,0.5,0,0.025,0,2.2956,0,2,0.0775,4.8981,0.5,0.0225,0,0,2.2956,0,2,0.08,4.8981
675,2.935,0.15,0,0,0,0,0.05,0.05,3.185,2,0,0,0,0,0,1.135,0.05,3.185
676,1,0,0,0,1.5,0,0,0.0511,2.5511,1,0,0,0,1.5,0,0,0.0511,2.5511
676,0,0,0,0,3,0,0.5,0,3.5,0,0,0,0,0,0,3.5,0,3.5
677,1.5,1,0,0,2,0,0,0.0648,4.5648,1.5,1,0,0,2,0,0,0.0648,4.5648
678,0,1.5,0,0,0,0,6.7757,0.02,8.2957,0,0,0,0,0,0,8.2757,0.02,8.2957
679,6,0.028,0,0,17,0,12.7021,0.25,35.9801,6,0.028,0,0,17,0,12.7021,0.25,35.9801
679,0,2,0,0,38,0,4.8967,0,44.8967,0,0,0,0,40,0,4.8967,0,44.8967
680,0.25,0,0,0,69.8387,0,0,0.098,70.1867,0.25,0,0,0,69.8387,0,0,0.098,70.1867
680,0,0,0,0,65.568,0,0,0.0063,65.5743,0,0,0,0,65.568,0,0,0.0063,65.5743
681,0,0,0,0,0,0,0.6627,0.3,0.9627,0,0,0,0,0,0,0.6627,0.3,0.9627
682,0,0,0,0,15.9793,0,0.1252,0.1252,16.2297,0,0,0,0,15.9793,0,0.1252,0.1252,16.2297
682,0,0,0,0,0,0,1.9324,0,1.9324,0,0,0,0,0,0,1.9324,0,1.9324
683,0,0,0,0,2,0,0.1962,0.0799,2.2761,0,0,0,0,2,0,0.1961,0.08,2.2761
683,0,0.01,0,0,0,0,2.3257,0,2.3357,0,0,0,0,0,0,2.3357,0,2.3357
684,0.53,0.17,0,0.005,0,0,0.215,0.08,1,0.7,0,0,0,0,0,0.22,0.08,1
685,1.5,0,0,0,1.5,0,0.18,0.0091,3.1891,1.5,0,0,0,1.5,0,0.18,0.0091,3.1891
686,1,0.01,0,0,0,0.6662,0,0.0177,1.6939,1,0.01,0,0,0,0.6662,0,0.0177,1.6939
687,0.3163,0,0,0,0,0,0,0.0267,0.343,0.3163,0,0,0,0,0,0,0.0267,0.343
687,0.0625,0.1875,0,0,2.769,0,0,0,3.019,0.0625,0.1875,0,0,2.769,0,0,0,3.019
688,0,0,0,0,35,13.2762,13.2713,0.0049,61.5524,0,0,0,0,35,13.2762,13.2713,0.0049,61.5524
688,0,0,0,0,0,0,1.0112,0,1.0112,0,0,0,0,0,0,1.0112,0,1.0112
689,1.5,1.5,1.5,0,51.3586,0,9,0,64.8586,1.5,1,0,0,52.8586,0,9.5,0,64.8586
689,3.25,0,0,0,0,0,1,0.7034,4.9534,3.25,0,0,0,0,0,1,0.7034,4.9534
690,1,0.0796,0,0.05,0,0,0.1639,0.128,1.4215,1,0.332,0,0,0,0,0.0815,0.008,1.4215
691,0.6817,0.021,0.0416,0.18,0,0.2,2.577,0.0107,3.712,0.6817,0.0626,0,0.18,0,0.2,2.577,0.0107,3.712
692,0.75,0,0,0,0.8645,0,0,0.25,1.8645,0.75,0,0,0,0.8645,0,0,0.25,1.8645
693,2,0,0,0,15.0398,0,6,0.5,23.5398,2,0,0,0,15.0398,0,6,0.5,23.5398
694,3.5293,0.24,0,0,2.5,0,1.4114,0.0847,7.7654,3.5293,0.24,0,0,2.5,0,1.4114,0.0847,7.7654
694,0.192,0.049,0,0,0,0,1.759,0,2,0,0,0,0,0,0,0,0,0
694,0,0.7625,0,0,0,0,0.2375,0,1,0,0,0,0,0,0,0,0,0
695,0,0,0,0,7.7222,0,0.0036,0.0815,7.8073,0,0,0,0,7.7222,0,0.0036,0.0815,7.8073
695,1,0.374,0,0,1,0.0866,0,0,2.4606,0,0,0,0,0,2.4606,0,0,2.4606
696,4.0025,0.001,0,0,49.8,0,2.0225,0.0558,55.8818,4,0.026,0,0,49.8,0,10.5,0.0558,64.3818
697,0.4,0,0,0,3,0,0.24,0.008,3.648,0.4,0,0,0,3,0,0.24,0.008,3.648
697,0.348,0,0,0,1.652,0,0,0,2,0,0,0,0,1,0,1,0,2
697,1.7,0,0,0,0,0,0,0,1.7,1.7,0,0,0,0,0,0,0,1.7
698,0.02,0,0,0,2.6144,0,0,0.1,2.7344,0.02,0,0,0,2.6144,0,0,0.1,2.7344
699,0.02,0,0,0,0.75,1.952,0,0.01,2.732,0.02,0,0,0,0.75,1.952,0,0.01,2.732
700,0.5,0,0,0,22,0,4.1274,0.08,26.7074,0.5,0,0,0,22,0,4.1274,0.08,26.7074
701,0.5,0,0,0,9.47,0,3.5,0.03,13.5,0.5,0,0,0,9.47,0,3.5,0.03,13.5
702,1.25,0,0,0,11.197,0,0,0.25,12.697,1.25,0,0,0,11.197,0,0,0.25,12.697
702,0,0,0,0,25,0,3.1226,0,28.1226,0,0,0,0,25,0,3.1226,0,28.1226
703,0.75,0,1,0,0,9,14,0.25,25,0.75,1,0,0,0,9,14,0.25,25
704,1,0,1,30,40,2,5.9924,0.0076,80,1,0,1,30,40,2,5.9924,0.0076,80
704,0,0,0,0,0,0,18,0,18,0,0,0,0,0,0,18,0,18
705,0,0,0,0,20.9774,0,6,1.5,28.4774,0,0,0,0,57.3439,0,6,1.5,64.8439
705,0,0,0,0,35.1165,0,0,1.25,36.3665,0,0,0,0,15,0,18.7544,0,33.7544
705,0,0,0,0,15,0,18.7544,0,33.7544,0,0,0,0,0,0,0,0,0
706,0.25,0,0,0,2.2151,0,0,0,2.4651,0,0,0,0,2.4651,0,0,0,2.4651
707,6,1.2536,0,0,0,1.1342,1,2.0216,11.4094,5,0,0,0,0,2,2.3878,2.0216,11.4094
707,0,0,0,10,0,0,17.0969,0,27.0969,0,0,0,10,0,0,17.0969,0,27.0969
707,0,0,1,0,5,0,3.0143,0,9.0143,0,0,0,0,0,0,9.0143,0,9.0143
707,0.5,0,0,0,0,0,4.4253,0.1,5.0253,0,0,0,0,0,0,4.9253,0.1,5.0253
708,1,0,0,0,54.9922,0,1.25,1,58.2422,2,0,0,0,54.9922,0,0.25,1,58.2422
709,0.06,0.03,1.25,0,3,0.75,1.5,0.41,7,0,0,0,0,3.5,2,1.5,0,7
710,6,1,0,0,10,0,12,2.6132,31.6132,6,0,0,1,10,0,12,2.6132,31.6132
711,2.1,0.1324,0.5,0,2,0,2.3304,0.5,7.5628,3.8,0.0127,0,0,2.0187,0,2.9314,0.5,9.2628
712,0.25,1,0,0,82.7495,0,0,1,84.9995,0.25,1,0,0,82.7495,0,0,1,84.9995
712,0,0,0,0,0,0,2.5286,0,2.5286,0,0,0,0,0,0,2.5286,0,2.5286
713,3,0,0,0,2,2,2.331,0.0025,9.3335,3,0,0,0,3,1,2.331,0.0025,9.3335
713,0,0,0,0,10.6895,0,40,0.0048,50.6943,0,0,0,0,10.6895,0,40,0.0048,50.6943
713,0,0,0,0,0,0,23.8983,0.0048,23.9031,0,0,0,0,0,0,23.8983,0.0048,23.9031
714,0.25,0.03,0,0,0,0,0,0.235,0.515,0.25,0.03,0,0,0,0,0,0.235,0.515
715,0,0,1.042,0,2,0.0009,13.46,0.0064,16.5093,0,0,1,0,10,3,2.5,0.0093,16.5093
716,1.04,0.55,0.45,0,3.9671,0,0,0.0354,6.0425,1.04,1,0,0,3.9671,0,0,0.0354,6.0425
716,0,0,0,0,8.5,0,0,0,8.5,0,0,0,0,8.5,0,0,0,8.5
717,0,0,0,0,26,1,0,0.3949,27.3949,0,0,0,0,26,1,0,0.3949,27.3949
717,0,0,0,0,6,0,2.0598,0,8.0598,0,0,0,0,6,0,2.0598,0,8.0598
717,0,0,0,0,0,0,2.66,0,2.66,0,0,0,0,0,0,2.66,0,2.66
718,1.705,0,0,0,2,0,0,0.348,4.053,1.705,0,0,0,2,0,0,0.348,4.053
718,0,0,0,0,10,2,20.4168,0,32.4168,0,0,0,0,10,2,20.4168,0,32.4168
719,0.12,0.0762,0.01,0,1.375,0,2.7012,0.006,4.2884,0,0,0,0,1,0,3,0.2884,4.2884
720,0,0,0,0,0,8.6304,1,0,9.6304,0,0,0,0,0,8.6304,1,0,9.6304
720,0,0,0,0,0,7.1604,1,0,8.1604,0,0,0,0,0,7.1604,1,0,8.1604
720,1.5,0,0,0,5,0,7.4136,0.0408,13.9544,1.5,0,0,0,5,0,7.4136,0.0408,13.9544
721,0,0,0,0,33.5247,0,0,0.042,33.5667,0,0,0,0,33.5247,0,0,0.042,33.5667
722,1.5532,0,0.25,0,0,0,1,0,2.8032,1.5532,0,0,0,0,0,1.25,0,2.8032
722,0,0.25,0.3,0,0,0.2646,1.5,0,2.3146,0,0,0,0,0,0,2.3146,0,2.3146
722,0,0,0,0,10.37165,0,0,0,10.37165,0,0,0,0,0,0,10.37165,0,10.37165
723,3,1.732,0,0,0,0.4,8.548,0.32,14,3,1.93,0.07,0,0,0.4,8.5,0.1,14
723,0,0,0,0,0,0,0,1,1,0,0,0,0,0,0,0.97,0.03,1
724,0,0,0,0,32.7382,0.25,0.5,1.284,34.7722,0,0,0,0,32.7382,0.25,0.5,1.284,34.7722
725,0.5,0,0,0,29.0436,1,0,0.311,30.8546,0.5,0,0,0,29.0436,1,0,0.311,30.8546
726,1,0.004,0.009,0,2,14,0,0.6632,17.6762,1,0.004,0,0.009,2,14,0,0.6632,17.6762
726,0,0,0,0,14.3334,1.1666,5.65,0.1945,21.3445,0,0,0,0,10,1,10,0.3445,21.3445
726,0,0,0,0,18,3,1,0.0136,22.0136,0,0,0,0,12,3,7.0136,0,22.0136
727,3.25,0.005,0,0,16.8281,0,0,0.2075,20.2906,3.25,0.005,0,0,16.8281,0,0,0.2075,20.2906
728,0.24,0.12,0,0,2.7965,0.015,0,0.0485,3.22,0.24,0.12,0,0,2.7965,0.015,0,0.0485,3.22
729,1.6479,0,0,0,2,0,0,0.0001,3.648,1.648,0,0,0,2,0,0,0,3.648
729,0,0,0,0,0,1.5,2.5175,0,4.0175,0,0,0,0,0,4.0175,0,0,4.0175
729,0.5001,0.09,0,0,1.9075,0,0,0,2.4976,0,0.5,0,0,1.9976,0,0,0,2.4976
730,0.25,0,0,0,1.457,0,0,1.3104,3.0174,0.25,0,0,0,1.457,0,0,1.3104,3.0174
730,0,0,0,0,0.654,0,0,0,0.654,0,0,0,0,0.654,0,0,0,0.654
730,0,0,0,0,4.9598,0,0,0,4.9598,0,0,0,0,4.9598,0,0,0,4.9598
730,0,0,0,0,3.2596,0,0,0,3.2596,0,0,0,0,3.2596,0,0,0,3.2596
730,0,0,0,0,0,0,0.0684,0,0.0684,0,0,0,0,0,0,0.0684,0,0.0684
731,0.5,0,0,0,20.403,0,0,1.23,22.133,0.5,0,0,0,20.403,0,0,1.23,22.133
731,0,0,0,0,6.0677,0,1.73,0.0232,7.8209,0,0,0,0,6.0677,0,1.73,0.0232,7.8209
731,0,0,0,0,6.3685,2,0,0,8.3685,0,0,0,0,6.3685,2,0,0,8.3685
731,0,0,0,0,6.3331,1,0,0,7.3331,0,0,0,0,6.3331,1,0,0,7.3331
731,0,0,0,0,2.6642,0,0,0,2.6642,0,0,0,0,2.6642,0,0,0,2.6642
731,0,0,0,0,0,0,0,0.0444,0.0444,0,0,0,0,0,0,0,0.0444,0.0444
732,1,0,0,0,0,0,20.6667,0.404,22.0707,1,0,0,0,0,0,20.6667,0.404,22.0707
733,0.5,0.25,0,0,0,0,0,0.5413,1.2913,0.5,0,0,0,5,4,0,0.2087,9.7087
734,0,0,0,0,38.0943,0,0,0.25,38.3443,0,0,0,0,38.0943,0,0,0.25,38.3443
735,0,0,0,0,14,0,3.0998,0,17.0998,0,0,0,0,14,0,3.0998,0,17.0998
735,0,0,0,0,30,0,4.2118,0.5,34.7118,0,0,0,0,30,0,4.2118,0.5,34.7118
736,5,3,5.25,0,10,5.25,2.9236,0.0064,31.43,5,3,5.25,0,10,5.25,2.9236,0.0064,31.43
737,0.06,0,0.25,0,0,1,0.425,0.0662,1.8012,0.06,0,0,0.005,0,1.5,0.15,0.0862,1.8012
738,0.5,1.6159,0.18295,0.45115,13,0.25,4,0.0167,20.0167,0,0,0,0,13,2,5,0.0167,20.0167
739,0.0207,0,0,0,0,0.1027,0,0.0349,0.1583,0.0207,0,0,0,0,0.1027,0,0.0349,0.1583
739,2.27,0.75,0,0,0,0.2054,0.1027,0.1027,3.4308,2.27,0.75,0,0,0,0.2054,0.1027,0.1027,3.4308
739,0,0,0,0,4.6796,0.5,0,0,5.1796,0,0,0,0,4.6796,0.5,0,0,5.1796
740,2.25,1,0,1,25,4,23,0.0945,56.3445,0,0.5,2,0,21.25,3,31.55,0.0445,58.3445
741,0.5,0.53,0,0.25,0,0.25,1.45,0.0383,3.0183,0.5,0.003,0,0,0,0.5,2,0.0153,3.0183
742,0,0.5,0,0,0,2.491,5.1612,0.0048,8.157,0,0.5,0,0,0,2.491,5.1612,0.0048,8.157
743,0,0,0,0,50,3,3.4437,0.2761,56.7198,0,0,0,0,50,3,3.4437,0.2761,56.7198
743,0,0,0,0,7.5,0,0,0.4079,7.9079,0,0,0,0,7.5,0,0,0.4079,7.9079
744,0.25,0.25,0,0,15,1.2951,3,0.0308,19.8259,0.25,0,0,0,15,1.5451,3,0.0308,19.8259
745,2.25,0,0,0,61.7396,0,0,0.0104,64,2.25,0,0,0,61.75,0,0,0,64
745,0.25,3,0,0,9.75,0,10,0,23,0.25,3,0,0,9.75,0,10,0,23
745,0.04,1,1.46,0,23.5,0,0,0,26,0.04,2.46,0,0,23.5,0,0,0,26
746,0.75,4,0,0,13.5,0,1.75,0,20,1,4,0,0,13.5,0,1.5,0,20
746,0,0,0,0,5.5,0,0,0.5,6,0,0,0,0,5.5,0,0,0.5,6
746,0,0,0,0,5,0,0,0,5,0,0,0,0,5,0,0,0,5
746,0.5,1.5,0,0,1,0,0,0,3,0.5,1.5,0,0,1,0,0,0,3
747,0.08,0,0.16,0,0,0,0.664,0.096,1,0,0,0,0,0,0,1,0,1
748,0.48,0.083,0.343,0,4,0,0,0.094,5,0,0.906,0,0,4,0,0,0.094,5
749,0.8,0,0,0,0,0,0.2,0,1,0,0,0,0,1,0,0,0,1
750,0.5,0.005,1,0,0,0,0.4134,0.0816,2,0,0,0,0,0,0,2,0,2
751,1.5,0,0,9.5,0,0,0.75,0.25,12,0,12,0,0,0,0,0,0,12
751,0,0,0,0.7,0,0,0,0,0.7,0,0.7,0,0,0,0,0,0,0.7
752,0.015,0.5,0,0,0,0,0.478,0.007,1,0,0.265,0,0,0,0,0.728,0.007,1
753,0,0,0,0,4,0,1,0,5,0,0,0,0,4,0,1,0,5
753,0.5,0,0,0,10.5,0,1,3,15,0,0,0,0,10.5,0,1.5,3,15
753,3,2,0,0,0,0,1,0,6,3,2,0,0,0,0,1,0,6
753,2,2,0.5,0,2,0,3.5,0,10,2,6,0,0,2,0,0,0,10
754,4.5,0.5,0.5,0,1,0,0,1,7.5,4.5,1,0,0,1,0,0,1,7.5
754,1,3,0.5,0,2,0,3.3,0,9.8,1,3.5,0,0,2,0,3.3,0,9.8
754,3,2,0,0,0,0,0,0,5,3,2,0,0,0,0,0,0,5
755,0.58,0.25,0,0,0,0,0.67,0,1.5,0,0,0,0,0,0,1.5,0,1.5